LMS_Login_Frequency_Per_Week,Assignment_Delay_Days,Attendance_Rate_Percentage,Study_Consistency_Index,Feedback_Sentiment_Score,CAT_Marks_Trend,Late_Night_Activity_Ratio,Burnout_Risk_Level
6.0,1,91.43,0.99,-0.38,13.69,0.41,Low
5.0,1,86.94,0.73,0.75,11.6,0.85,Low
6.0,2,64.6,0.95,0.56,-9.92,0.16,Medium
8.0,3,87.79,0.83,-0.97,-0.8,0.02,Low
5.0,3,77.66,0.9,0.63,14.14,0.78,Low
5.0,0,97.8,0.81,-0.4,-3.83,0.07,Low
8.0,1,65.66,0.46,-0.7,-3.85,0.99,Medium
7.0,1,85.71,0.25,-0.55,-9.15,0.67,Medium
4.0,4,75.28,0.37,-0.06,-11.57,0.75,Low
6.0,1,98.27,0.02,-0.15,7.21,0.25,Low
4.0,4,73.2,0.52,-0.42,8.1,0.67,Low
4.0,0,98.49,0.51,-0.66,14.07,0.04,Low
5.0,3,96.06,0.53,0.52,8.2,0.84,Low
1.0,1,70.82,0.97,0.98,-7.7,0.17,Medium
2.0,2,92.14,0.91,0.56,-13.8,0.7,Low
4.0,4,99.82,0.16,-0.41,14.56,0.22,Low
3.0,2,70.11,0.37,-0.51,-4.79,0.07,Low
6.0,1,77.47,0.42,-0.56,-5.64,0.48,Medium
3.0,1,80.81,0.36,-0.73,12.18,0.17,Low
2.0,2,71.8,0.8,0.1,2.55,0.73,Low
8.0,1,60.61,0.52,0.21,-8.55,0.24,Medium
5.0,2,68.81,0.57,0.41,11.67,0.34,Low
5.0,1,71.28,0.85,0.36,14.8,0.57,Low
2.0,2,77.74,0.81,-0.42,-12.4,0.28,Medium
4.0,0,66.84,0.13,-0.34,10.87,0.38,Medium
5.0,1,94.93,0.71,0.36,-3.28,0.82,Low
3.0,4,88.2,0.44,-0.3,0.72,0.18,Low
6.0,3,63.41,0.29,-0.57,12.44,0.08,Medium
4.0,2,86.0,0.05,-0.25,14.2,0.33,Low
4.0,2,86.15,0.49,-0.46,-7.14,0.42,Medium
4.0,1,98.25,0.36,-0.82,-8.61,0.54,Medium
9.0,5,60.12,0.25,0.66,-12.58,0.37,High
5.0,0,69.92,0.69,0.71,1.85,0.79,Low
3.0,2,97.11,0.77,-0.56,-14.59,0.04,Medium
7.0,3,97.29,0.24,-0.87,-2.64,0.43,Low
3.0,1,88.82,0.05,0.48,-12.8,0.38,Low
5.0,2,90.63,0.85,-0.58,-2.84,0.65,Low
1.0,4,63.66,0.01,-0.21,-13.8,0.97,High
2.0,3,80.56,0.94,-0.87,10.06,0.51,Low
5.0,2,69.26,0.63,-0.55,-8.71,0.99,High
6.0,1,67.25,0.32,0.59,-5.15,0.3,Medium
5.0,3,92.41,0.25,0.61,11.1,0.03,Low
5.0,2,65.4,0.01,-0.59,7.39,0.17,Medium
4.0,1,78.75,0.24,-0.33,-8.43,0.4,Medium
2.0,0,97.54,0.14,-0.73,-12.84,0.32,Medium
4.0,0,67.43,0.61,-0.85,6.47,0.1,Medium
4.0,2,99.12,0.17,0.98,-3.28,0.43,Low
7.0,0,99.77,0.53,0.31,7.98,0.34,Low
6.0,1,82.22,0.59,0.08,-1.64,0.12,Low
1.0,0,66.81,0.3,0.53,-4.62,0.3,Medium
6.0,0,72.64,0.04,0.68,-1.46,0.89,Low
4.0,2,76.98,0.04,0.61,7.46,0.3,Low
4.0,2,72.37,0.03,-0.97,12.07,0.71,Low
6.0,4,71.23,0.74,-0.63,-13.51,0.61,Medium
7.0,4,98.89,0.32,0.31,0.72,0.43,Low
7.0,0,66.13,0.8,-0.25,-14.01,0.24,Medium
3.0,2,89.33,0.43,0.96,-0.95,0.37,Low
4.0,1,60.02,0.45,0.33,11.56,0.59,Low
6.0,2,83.85,0.51,0.91,-4.15,0.35,Low
7.0,1,96.64,0.71,-0.6,12.97,0.21,Low
4.0,0,71.52,0.27,0.73,3.92,0.12,Low
5.0,4,67.42,0.12,-0.36,13.02,0.88,Medium
3.0,4,86.07,0.56,0.98,7.71,0.44,Low
3.0,1,88.5,0.33,-0.68,-11.9,0.63,Medium
7.0,1,87.52,0.44,0.03,-8.07,0.49,Low
8.0,3,72.77,0.65,0.59,-3.17,0.87,Low
5.0,6,70.09,0.49,-0.13,-9.9,0.55,Medium
7.0,1,98.24,0.62,-0.06,-0.15,0.48,Low
6.0,1,96.93,0.54,0.97,-0.86,0.92,Low
4.0,3,78.29,0.74,-0.15,13.69,0.72,Low
6.0,3,93.85,0.71,0.21,-1.99,0.11,Low
8.0,1,78.09,0.53,-0.89,8.57,0.18,Low
5.0,2,76.98,0.68,0.68,13.26,0.79,Low
8.0,2,66.27,0.87,0.3,11.31,0.84,Low
0.0,1,77.06,0.43,-0.19,-8.74,0.55,Medium
7.0,2,81.5,0.41,-0.97,-0.12,0.55,Low
5.0,2,60.9,0.76,0.18,-4.57,0.63,Low
4.0,2,77.76,0.58,-0.97,-3.0,0.44,Low
5.0,2,91.25,0.07,-1.0,-4.18,0.68,Low
1.0,2,87.2,0.89,0.23,9.79,0.11,Low
5.0,1,85.41,0.03,-0.62,-1.44,0.96,Low
6.0,1,96.38,0.75,-0.62,0.71,0.75,Low
8.0,5,60.72,0.76,0.31,14.47,0.63,Medium
4.0,3,82.28,0.95,-0.89,-13.2,0.32,Medium
3.0,3,91.49,0.05,-0.37,-0.36,0.16,Low
4.0,1,81.65,0.6,-0.7,8.22,0.41,Low
7.0,2,72.96,0.43,0.16,-10.47,0.66,Low
6.0,7,65.45,0.33,0.32,3.35,0.63,Medium
4.0,2,95.5,0.09,0.44,-7.82,0.38,Low
6.0,2,78.83,0.56,-0.49,11.02,0.61,Low
5.0,3,95.12,0.48,-0.82,-5.19,0.81,Medium
7.0,0,83.43,0.1,-0.84,-5.13,0.03,Medium
4.0,2,86.97,0.61,-0.15,2.95,0.45,Low
4.0,2,92.17,0.74,0.89,-9.49,0.76,Low
4.0,2,86.37,0.77,-0.56,-6.45,0.55,Medium
2.0,1,75.92,0.91,-0.49,-2.5,0.65,Low
6.0,2,80.55,0.41,-0.8,-4.39,0.52,Low
6.0,1,92.12,0.95,0.21,0.75,0.99,Low
5.0,2,74.95,0.87,0.36,2.99,0.05,Low
5.0,2,75.52,0.3,0.29,2.0,0.49,Low
2.0,5,63.83,0.16,0.72,4.63,0.09,Medium
4.0,2,96.58,0.44,-0.03,-5.77,0.16,Low
4.0,2,63.64,0.4,-0.73,-11.21,0.38,High
3.0,1,85.93,0.58,-0.42,7.82,0.16,Low
5.0,1,76.53,0.58,0.32,10.52,0.96,Low
6.0,0,76.22,0.75,0.23,-7.29,0.95,Low
9.0,0,87.18,0.51,0.06,-2.79,0.34,Low
5.0,2,62.68,0.1,0.37,-0.04,0.64,Low
6.0,4,83.75,0.86,0.27,1.0,0.53,Low
5.0,2,90.88,0.31,0.76,4.78,0.82,Low
1.0,5,93.13,0.97,0.17,-13.75,0.63,High
5.0,1,66.82,0.12,0.56,6.64,0.0,Low
5.0,1,95.9,0.96,-0.5,-13.14,0.76,Medium
10.0,2,86.25,0.09,0.36,-0.95,0.75,Low
5.0,0,95.27,0.23,0.8,9.83,0.51,Low
6.0,0,79.41,0.05,-0.23,-1.46,0.9,Low
5.0,4,81.68,0.71,0.56,-10.53,0.91,Low
3.0,3,96.76,0.85,0.45,14.55,0.52,Low
7.0,1,96.0,0.43,-0.88,11.68,0.61,Low
7.0,2,77.93,0.93,0.16,8.14,1.0,Low
7.0,0,70.98,0.59,-0.74,-2.65,0.3,Low
3.0,0,75.73,0.63,0.93,-9.48,0.32,Low
8.0,1,75.51,0.85,0.62,13.24,0.18,Low
2.0,2,71.47,0.3,-0.78,0.97,0.9,Low
6.0,2,70.74,0.35,-0.76,10.57,0.74,Low
9.0,1,94.44,0.91,0.19,-4.74,0.11,Low
3.0,0,62.79,0.9,-0.31,-4.94,0.98,Medium
4.0,3,87.1,0.98,-0.93,14.57,0.73,Low
5.0,3,66.91,0.9,0.08,0.65,0.85,Low
4.0,3,73.78,0.13,-0.22,-10.78,0.05,Low
2.0,5,62.46,0.82,-0.8,-8.41,0.5,High
5.0,2,70.8,0.41,0.6,-0.54,0.7,Low
3.0,2,90.74,0.99,0.83,-13.73,0.54,Low
6.0,3,95.4,0.47,0.51,-1.12,0.67,Low
3.0,2,68.86,0.55,0.64,-2.43,0.82,Low
8.0,2,78.54,0.53,-0.57,8.38,0.37,Low
3.0,2,78.81,0.32,-0.47,-4.35,0.85,Low
4.0,6,94.94,0.08,-0.58,14.48,0.16,Medium
7.0,4,90.51,0.9,0.53,-9.58,0.27,Low
3.0,1,80.52,0.8,0.9,2.73,0.04,Low
5.0,6,86.83,0.14,0.43,-12.31,0.36,Medium
8.0,1,93.89,0.78,0.76,7.02,0.38,Low
2.0,3,60.38,0.63,0.28,14.84,0.81,Low
5.0,1,76.12,0.41,-0.22,9.57,0.65,Low
6.0,3,96.29,0.25,-0.15,1.67,0.44,Low
7.0,4,89.61,0.86,-0.85,-0.46,0.65,Low
3.0,3,81.71,0.7,-0.94,10.05,0.05,Low
2.0,3,81.19,0.55,0.39,13.08,0.18,Low
6.0,2,73.91,0.61,-0.12,14.68,0.63,Low
6.0,4,80.82,0.09,0.1,-3.1,0.64,Low
6.0,4,86.22,0.47,0.12,14.73,0.77,Low
6.0,1,76.73,0.19,-0.45,-10.32,0.4,Medium
4.0,2,88.57,0.21,-0.05,-7.39,0.72,Low
5.0,2,94.45,0.66,-0.06,-12.33,0.68,Low
6.0,2,66.19,0.91,-0.22,-6.85,0.96,Medium
4.0,2,78.06,0.4,0.64,8.04,0.22,Low
9.0,2,76.32,0.21,-0.1,10.59,0.55,Low
6.0,4,87.5,0.65,0.21,8.37,0.6,Low
3.0,1,69.99,0.87,0.79,3.93,1.0,Low
6.0,1,85.61,0.75,0.73,0.42,0.2,Low
3.0,1,95.1,0.87,0.78,6.26,0.52,Low
7.0,2,76.73,0.54,-0.46,-3.27,0.35,Low
7.0,1,96.44,0.75,-0.93,10.24,0.53,Low
3.0,1,99.73,0.14,-0.48,5.32,0.23,Low
7.0,3,64.24,0.35,-0.44,5.93,0.05,Medium
6.0,2,69.32,0.39,0.82,1.08,0.57,Low
7.0,1,98.02,0.51,0.3,11.56,0.34,Low
9.0,1,98.33,0.93,-0.84,-7.44,0.18,Medium
5.0,3,63.91,0.87,-0.73,-3.57,0.32,Medium
3.0,0,60.6,0.13,-0.69,8.33,0.05,Medium
3.0,2,66.44,0.17,0.26,-0.22,0.95,Low
3.0,3,99.84,0.36,0.47,11.68,0.58,Low
5.0,0,67.2,0.29,0.72,-4.61,0.81,Low
6.0,3,80.1,0.61,0.88,-3.92,0.42,Low
6.0,2,93.94,0.9,-0.6,11.66,0.9,Low
7.0,3,60.82,0.96,-0.38,-1.07,0.48,Medium
5.0,2,84.18,0.65,-0.52,0.48,0.57,Low
8.0,2,71.08,0.84,-0.28,-5.02,0.49,Low
4.0,3,94.49,0.53,0.83,-6.7,0.73,Low
10.0,2,71.34,0.21,0.15,4.68,0.57,Low
6.0,3,87.47,0.52,0.48,-11.4,0.27,Low
3.0,2,86.97,0.56,-0.02,11.38,0.15,Low
3.0,0,68.86,0.74,-0.94,8.38,0.61,Medium
6.0,1,61.39,0.22,-0.87,-9.28,0.49,High
5.0,3,76.37,0.37,0.08,5.82,0.1,Low
6.0,2,71.57,0.36,0.44,3.08,0.4,Low
6.0,3,92.36,0.96,-0.57,-9.46,0.51,Medium
5.0,1,92.01,0.44,0.44,-6.8,0.83,Low
3.0,2,78.28,0.76,0.62,-2.73,0.08,Low
2.0,0,84.26,0.75,-0.18,5.98,0.35,Low
4.0,1,84.17,0.27,0.49,4.16,0.82,Low
7.0,1,93.09,0.57,-0.19,0.97,0.65,Low
5.0,0,77.0,0.89,0.36,8.05,0.29,Low
3.0,4,71.02,0.48,0.53,7.74,0.85,Low
5.0,6,70.6,0.95,0.98,3.54,0.49,Low
6.0,4,81.45,0.21,-0.31,8.61,0.5,Low
3.0,3,77.97,0.07,-0.18,-4.97,0.98,Low
5.0,1,77.6,0.89,-0.67,11.44,0.95,Low
5.0,4,63.65,0.85,-0.59,3.45,0.36,Medium
3.0,2,88.74,0.99,0.39,9.67,0.14,Low
6.0,3,68.55,0.68,0.83,1.39,0.33,Low
6.0,2,67.88,0.94,-0.21,-8.45,0.03,Medium
7.0,0,76.51,0.83,-0.64,1.27,0.02,Low
7.0,2,69.11,0.84,-0.43,-3.87,0.4,Medium
2.0,2,83.35,0.57,-0.09,5.92,0.94,Low
3.0,3,74.86,0.38,-0.42,-0.73,0.87,Low
6.0,1,77.96,0.93,-0.53,10.08,0.51,Low
6.0,0,81.49,0.43,0.47,5.34,0.57,Low
6.0,1,68.14,0.54,-0.98,5.54,0.01,Medium
12.0,3,66.23,0.45,0.08,-8.49,0.22,Medium
6.0,1,95.22,0.56,0.59,14.53,0.02,Low
7.0,1,77.35,0.47,-0.47,10.25,0.75,Low
7.0,2,76.48,0.05,0.21,8.67,0.15,Low
6.0,5,61.42,0.88,0.34,-5.09,0.87,High
4.0,4,79.92,0.44,0.31,1.07,0.64,Low
7.0,2,82.17,0.59,-0.11,-10.89,0.23,Low
3.0,2,82.35,0.14,-0.31,1.15,0.16,Low
5.0,5,88.28,0.0,0.67,-10.62,0.63,Medium
4.0,1,67.1,0.25,0.52,1.59,0.9,Low
5.0,2,70.09,0.7,-0.36,4.46,0.72,Low
10.0,1,92.43,0.1,-0.79,-3.29,0.35,Low
1.0,3,97.89,0.91,-0.86,-0.04,0.59,Medium
6.0,0,65.44,0.22,-0.81,11.27,0.31,Medium
2.0,0,79.91,0.2,0.17,-11.74,1.0,Low
4.0,2,68.57,0.18,-0.9,8.75,0.75,Medium
7.0,1,62.4,0.01,-0.33,-9.88,0.61,High
5.0,1,73.02,0.77,0.51,-13.9,0.42,Low
3.0,2,65.75,0.88,-0.41,-9.43,0.62,High
4.0,1,88.4,0.61,0.53,7.95,0.34,Low
6.0,2,81.35,0.19,0.49,-2.85,0.03,Low
4.0,2,65.75,0.29,-0.51,11.18,0.4,Medium
5.0,3,60.37,0.48,0.46,0.74,0.93,Low
5.0,3,92.33,0.95,0.5,-14.33,0.63,Low
4.0,1,67.05,0.25,-0.21,6.5,0.08,Low
9.0,1,84.25,0.73,-0.58,-11.69,0.88,Medium
6.0,1,73.48,0.44,0.04,8.68,0.27,Low
1.0,2,83.42,0.3,0.84,-9.96,0.24,Medium
5.0,2,72.63,0.46,0.28,-4.64,0.3,Low
4.0,1,63.48,0.07,-0.65,7.84,0.58,Medium
7.0,1,68.92,0.8,0.37,13.63,0.54,Low
3.0,3,67.52,0.24,-0.15,-3.86,0.49,Low
5.0,1,77.12,0.73,0.18,9.88,0.72,Low
6.0,5,86.33,0.07,0.47,-9.28,0.32,Medium
7.0,2,70.55,0.96,0.03,9.22,0.78,Low
3.0,3,60.48,0.19,0.63,4.72,0.18,Low
4.0,0,80.76,0.88,0.44,-9.22,0.78,Low
4.0,3,84.23,0.81,0.23,-5.92,0.66,Low
4.0,0,98.51,0.97,-0.7,-11.05,0.68,Medium
9.0,4,83.58,0.48,0.67,-3.51,0.48,Low
6.0,1,78.85,0.73,0.87,-8.89,0.67,Low
2.0,2,82.94,0.37,-0.73,4.32,0.08,Low
7.0,3,97.12,0.18,-0.02,14.84,0.85,Low
9.0,1,93.14,0.44,-0.48,-14.64,0.06,Medium
7.0,0,72.92,0.17,0.51,1.23,0.15,Low
2.0,2,69.49,0.98,0.44,2.21,0.58,Low
4.0,2,70.51,0.1,-0.72,12.43,0.74,Low
8.0,2,80.18,0.59,0.75,0.18,0.08,Low
4.0,0,89.76,0.63,-0.64,1.31,0.92,Low
6.0,3,80.13,0.54,0.59,-0.85,0.97,Low
7.0,5,62.71,0.66,-0.09,-6.93,0.61,High
3.0,1,88.94,0.12,-0.34,-13.32,0.48,Medium
5.0,2,92.24,0.56,-0.68,-2.74,0.74,Low
0.0,2,71.58,0.29,-0.66,-13.42,0.33,High
3.0,6,86.57,0.94,0.32,1.51,0.49,Low
4.0,1,77.06,0.76,0.1,-5.78,0.92,Low
3.0,2,95.56,0.97,-0.76,1.01,0.96,Low
8.0,1,93.81,0.04,-0.77,-10.97,0.93,Medium
2.0,1,81.02,0.29,-0.86,12.98,0.26,Low
4.0,2,87.66,0.2,0.49,11.84,0.23,Low
5.0,0,95.33,0.01,0.42,-9.3,0.3,Low
8.0,4,79.83,0.24,-0.88,-4.7,0.44,Low
2.0,2,72.53,0.68,0.12,3.4,0.31,Low
7.0,3,90.15,0.23,-0.83,-12.13,0.37,Medium
5.0,1,68.8,0.51,0.81,-4.36,0.62,Low
3.0,1,75.54,0.89,0.81,-7.47,0.76,Low
6.0,3,94.63,0.69,0.4,12.47,0.74,Low
5.0,2,88.98,0.39,0.85,10.58,0.81,Low
4.0,2,76.15,0.37,0.62,2.39,0.03,Low
5.0,0,68.59,0.46,0.66,0.61,0.05,Low
4.0,1,74.24,0.18,0.14,12.92,0.79,Low
5.0,2,71.36,0.63,-0.39,12.97,0.53,Low
6.0,0,67.04,0.36,-0.56,14.08,0.58,Medium
8.0,4,89.73,0.85,-0.35,-11.24,0.05,Medium
3.0,5,70.08,0.76,0.26,-10.18,0.26,Medium
9.0,0,78.17,0.61,-0.65,5.3,0.64,Low
1.0,0,75.43,0.36,-0.48,1.24,0.86,Medium
5.0,6,99.28,0.21,-0.06,-14.45,0.92,Medium
6.0,0,75.64,0.78,-0.53,-13.14,0.5,Medium
6.0,1,63.2,0.49,0.18,11.64,0.55,Low
4.0,0,63.59,0.22,0.85,11.07,0.83,Low
5.0,3,83.63,0.2,0.5,-4.28,0.54,Low
4.0,2,83.97,0.17,0.33,11.73,0.52,Low
4.0,3,76.75,0.78,0.17,2.81,0.91,Low
7.0,5,77.27,0.23,-0.02,9.18,0.79,Low
6.0,5,62.16,0.53,-0.63,-2.18,0.91,High
4.0,2,80.66,0.45,0.79,-11.6,0.22,Low
7.0,3,80.19,0.58,-0.5,-1.99,0.52,Low
6.0,6,65.98,0.88,-0.82,-1.28,0.84,High
7.0,3,64.15,0.87,0.5,1.53,0.11,Low
6.0,2,64.94,0.45,-0.65,-11.83,0.79,High
3.0,3,64.04,0.02,-0.26,14.74,0.18,Low
4.0,1,84.39,0.43,-0.94,-7.68,0.81,Medium
6.0,1,67.86,0.61,-0.73,-9.04,0.61,High
6.0,4,70.06,0.56,-0.65,0.8,0.19,Low
5.0,0,66.94,0.65,-0.89,1.12,0.47,Medium
5.0,6,98.31,0.15,0.31,-1.81,0.68,Low
8.0,2,94.18,0.65,0.67,8.16,0.63,Low
4.0,3,69.22,0.18,-0.25,0.5,0.43,Low
6.0,2,73.1,0.75,0.75,3.29,0.9,Low
5.0,0,68.4,0.34,-0.57,6.71,0.52,Medium
5.0,1,79.68,0.71,-0.35,-14.25,0.51,Medium
7.0,4,60.78,0.05,-0.7,2.12,0.06,Medium
7.0,3,86.85,0.41,0.24,11.53,0.92,Low
7.0,3,80.93,0.71,-0.16,-14.48,0.18,Low
8.0,5,95.95,0.23,0.23,-2.84,0.53,Low
5.0,1,66.58,0.8,0.52,12.79,0.8,Low
6.0,4,92.16,0.63,0.09,-4.41,0.22,Low
4.0,1,91.68,0.59,0.26,-1.24,0.53,Low
6.0,1,65.09,0.35,0.87,14.45,0.24,Low
5.0,1,75.94,0.48,-0.4,-9.02,0.76,Medium
5.0,0,66.81,0.6,-0.28,-13.04,0.56,Medium
6.0,1,70.19,0.47,0.44,10.78,0.86,Low
3.0,4,70.53,0.7,0.22,11.05,0.89,Low
9.0,2,82.25,0.43,-0.64,-0.84,0.65,Low
3.0,1,76.46,0.2,-0.25,0.43,0.73,Low
3.0,1,97.91,0.21,-0.06,10.07,0.55,Low
7.0,1,65.05,0.01,-0.16,7.16,0.38,Low
7.0,2,98.95,0.3,-0.64,-7.05,0.65,Medium
6.0,2,69.23,0.75,0.85,-14.49,0.91,Medium
6.0,0,90.91,0.79,0.52,-0.61,0.42,Low
5.0,2,73.56,0.2,-0.04,10.77,0.31,Low
3.0,1,65.72,0.96,0.36,11.88,0.39,Low
5.0,2,94.32,0.5,0.79,13.69,0.44,Low
4.0,2,72.35,0.92,-0.73,11.39,0.07,Low
7.0,0,86.35,0.71,-0.5,2.4,0.5,Low
5.0,2,82.66,0.72,0.09,-1.66,0.49,Low
3.0,0,78.87,0.09,0.6,8.25,0.59,Low
4.0,3,79.83,0.22,-0.93,7.19,0.36,Low
6.0,4,89.29,0.01,0.97,1.14,0.61,Low
4.0,4,63.51,0.72,-0.09,-12.38,0.88,Medium
3.0,3,86.73,0.34,-0.28,12.78,0.96,Low
5.0,3,95.83,0.79,-0.41,-1.33,0.58,Low
5.0,2,62.31,0.34,-0.65,-4.1,0.04,Medium
4.0,0,65.63,0.82,0.58,3.89,0.97,Low
4.0,2,88.67,0.13,0.91,5.22,0.71,Low
5.0,3,77.49,0.17,-0.17,-8.68,0.34,Low
2.0,1,76.14,0.34,0.9,10.11,0.15,Low
2.0,2,65.48,0.41,0.65,-6.3,0.14,Medium
4.0,1,80.27,0.35,-0.04,-9.4,0.17,Low
5.0,1,65.06,0.76,0.35,-2.81,0.05,Low
6.0,2,79.06,0.1,-0.13,6.92,0.9,Low
8.0,3,90.54,0.35,0.12,13.96,0.54,Low
7.0,2,70.33,0.84,-0.88,9.28,0.7,Low
5.0,0,79.23,0.07,0.39,13.21,0.83,Low
5.0,3,99.68,0.94,-0.89,-10.78,0.79,Medium
3.0,2,87.47,0.99,0.63,-12.86,0.88,Low
5.0,2,93.65,0.09,0.65,1.73,0.97,Low
4.0,0,76.59,0.29,-0.53,-6.29,0.44,Medium
6.0,4,90.71,0.37,-0.35,9.84,0.95,Low
3.0,2,61.62,0.78,-0.04,5.16,0.72,Low
6.0,2,64.92,0.6,0.19,14.12,0.07,Low
8.0,1,68.12,0.64,-0.43,-7.36,0.68,High
5.0,2,76.08,0.76,0.18,-0.43,0.69,Low
6.0,2,93.83,0.12,-0.4,0.04,0.91,Low
6.0,2,73.85,0.83,-0.89,-7.82,0.37,Medium
4.0,4,86.18,0.71,-0.99,2.7,0.58,Low
5.0,0,88.37,0.58,-0.8,-1.7,0.01,Low
5.0,1,83.45,0.89,0.58,-1.6,0.33,Low
5.0,4,74.29,0.7,0.92,-4.12,0.06,Low
3.0,0,83.08,0.2,-0.15,-14.49,0.52,Low
5.0,0,73.69,0.43,0.03,0.66,0.82,Low
6.0,3,63.35,0.49,-0.71,-4.94,0.21,Medium
8.0,0,99.71,0.06,0.1,-14.96,0.53,Low
7.0,1,65.09,0.95,-0.71,-5.76,0.2,High
9.0,0,62.89,0.13,0.22,-6.64,0.12,Medium
3.0,1,95.14,0.7,0.87,-3.2,0.51,Low
7.0,2,72.07,0.51,-0.61,-11.04,0.08,Medium
5.0,2,86.01,0.03,0.53,0.23,0.59,Low
9.0,1,73.16,0.92,-0.95,5.77,0.03,Low
3.0,2,75.66,0.85,-0.25,3.91,0.11,Low
3.0,3,70.48,0.52,-0.78,9.11,0.55,Low
4.0,0,73.72,0.23,-0.3,-1.44,0.59,Low
1.0,3,76.43,0.12,-0.65,0.57,0.03,Medium
4.0,1,88.82,0.36,-0.25,9.31,0.57,Low
3.0,4,80.46,0.26,-0.16,-2.17,0.84,Low
5.0,5,97.74,0.51,-0.4,6.05,0.72,Medium
6.0,1,61.68,0.97,0.31,-1.96,0.13,Low
9.0,1,80.12,0.57,0.84,-2.47,0.59,Low
7.0,4,83.37,0.89,-0.2,7.81,0.67,Low
4.0,1,96.81,0.65,-0.62,-9.75,0.04,Medium
3.0,1,61.97,0.48,-0.46,-4.84,0.86,Medium
6.0,3,82.94,0.85,0.71,-8.27,0.91,Low
2.0,2,94.15,0.47,0.14,-4.23,0.85,Low
9.0,0,69.68,0.87,-0.09,-8.09,0.82,Medium
7.0,1,95.05,0.29,-0.7,2.38,0.74,Low
4.0,2,60.76,0.13,-0.1,8.95,0.63,Low
2.0,1,89.3,0.86,-0.44,8.6,0.68,Low
8.0,4,97.32,0.59,0.89,-4.06,0.81,Low
5.0,3,86.29,0.89,0.77,14.66,0.66,Low
7.0,0,77.56,0.94,-0.83,2.82,0.33,Low
2.0,2,61.8,0.05,0.03,-3.02,0.38,Low
4.0,4,96.8,0.5,-0.55,10.07,0.9,Low
5.0,2,78.81,0.37,-0.18,6.9,0.02,Low
5.0,1,61.16,0.63,0.75,7.48,0.7,Low
4.0,2,87.59,0.79,0.06,-9.12,0.95,Low
6.0,2,79.27,0.28,-0.33,-0.95,0.71,Low
3.0,2,64.97,0.56,-0.58,10.85,0.99,Medium
5.0,1,68.57,0.71,0.6,0.12,0.69,Low
5.0,0,62.58,0.13,0.25,5.5,0.03,Low
6.0,3,82.97,0.81,-0.06,2.64,0.83,Low
6.0,6,84.88,0.61,-0.57,10.27,0.28,Medium
3.0,1,80.23,0.95,-0.33,-6.46,0.45,Medium
2.0,2,92.68,0.34,0.92,2.26,0.31,Low
8.0,2,94.44,0.11,0.04,-11.3,0.27,Low
6.0,2,84.62,0.51,-0.2,5.71,0.43,Low
4.0,2,60.51,0.09,0.04,6.96,0.38,Low
8.0,2,87.81,0.97,0.56,-13.71,0.63,Low
5.0,1,76.72,0.04,-0.32,5.27,0.81,Low
7.0,4,82.62,0.75,-0.64,-2.56,0.3,Low
5.0,3,85.96,0.53,0.17,-11.28,0.21,Low
9.0,0,74.01,0.37,0.33,-2.4,0.67,Low
9.0,2,96.68,0.07,0.43,-9.17,0.67,Low
5.0,2,65.36,0.62,0.76,-2.53,0.9,Low
7.0,3,86.86,0.59,-0.26,-3.47,0.02,Low
6.0,1,60.17,0.28,-0.85,7.15,0.85,Medium
8.0,2,96.99,0.91,0.92,8.23,0.52,Low
3.0,0,64.5,0.3,-0.13,3.21,0.62,Low
6.0,3,63.8,0.45,0.25,-14.32,0.09,Medium
7.0,3,73.32,0.54,0.33,12.93,0.43,Low
1.0,2,74.94,0.1,0.09,5.59,0.23,Low
3.0,0,68.57,0.93,-0.59,-13.97,0.25,High
1.0,3,83.4,0.37,0.51,9.56,0.5,Low
4.0,2,77.72,0.08,0.61,-8.99,0.81,Low
6.0,4,61.37,0.39,0.11,2.38,0.74,Low
8.0,1,72.79,0.6,-0.02,-1.0,0.59,Low
5.0,3,92.42,0.51,-0.77,-2.4,0.54,Low
8.0,2,87.59,0.69,-0.83,11.69,0.43,Low
2.0,4,88.99,0.06,-0.32,-1.88,0.97,Low
2.0,0,87.92,0.28,-0.38,-12.74,0.56,Medium
5.0,2,72.44,0.82,0.91,13.4,0.25,Low
6.0,1,63.99,0.08,0.57,12.62,0.23,Low
5.0,1,70.9,0.86,0.32,5.53,0.61,Low
1.0,1,93.27,0.09,0.04,-0.96,0.52,Low
5.0,0,99.22,0.83,-0.67,-12.21,0.01,Medium
2.0,1,79.75,0.36,0.96,8.72,0.83,Low
6.0,2,60.39,0.61,-0.25,-12.74,0.7,Medium
6.0,3,65.6,0.15,-0.79,-12.94,0.66,High
3.0,5,72.88,0.07,-0.01,1.12,0.07,Low
4.0,3,83.14,0.22,0.75,-10.2,0.36,Low
3.0,2,63.0,0.13,0.77,-14.77,0.94,Medium
5.0,4,97.73,0.31,-0.98,-2.31,0.86,Low
7.0,3,74.6,0.51,0.77,-10.88,0.29,Low
3.0,2,96.5,0.59,-0.46,-10.18,0.16,Medium
6.0,1,91.22,0.79,-0.92,-12.69,0.45,Medium
4.0,1,90.22,0.66,0.7,-8.85,0.36,Low
3.0,4,84.27,0.61,0.73,6.46,0.68,Low
5.0,5,85.07,0.41,0.19,9.27,0.97,Low
3.0,1,85.52,0.47,0.15,-1.42,0.36,Low
4.0,3,85.15,0.41,0.63,0.2,0.06,Low
3.0,2,82.15,0.84,0.57,-14.02,0.9,Low
9.0,1,99.46,0.23,0.78,-12.92,0.04,Low
5.0,2,89.29,0.01,0.11,-7.27,0.95,Low
4.0,1,91.08,0.65,0.94,1.32,0.66,Low
5.0,2,94.9,0.2,0.99,7.19,0.94,Low
5.0,1,68.63,0.89,-0.77,3.15,0.2,Medium
5.0,0,63.35,0.86,0.7,-3.24,0.04,Low
6.0,2,79.32,0.08,-0.0,-11.45,0.49,Low
7.0,1,80.56,0.11,-0.22,8.42,0.45,Low
4.0,2,93.17,0.5,0.23,-4.09,0.33,Low
4.0,3,77.75,0.61,-0.89,7.08,0.96,Low
4.0,0,82.83,0.27,0.01,0.39,0.82,Low
0.0,0,81.08,0.72,0.74,7.16,0.66,Low
2.0,2,61.53,0.59,-0.57,12.22,0.16,Medium
8.0,1,84.61,0.32,-0.15,12.63,0.73,Low
8.0,2,93.12,0.03,0.88,1.05,0.73,Low
5.0,3,66.3,0.75,-0.14,0.35,0.43,Low
6.0,2,83.77,0.21,-0.28,-7.03,0.92,Low
6.0,3,83.74,0.83,-0.12,13.07,0.17,Low
11.0,3,66.57,0.42,0.04,-1.26,0.27,Low
7.0,3,64.94,0.58,0.26,-11.17,0.06,Medium
5.0,2,99.2,0.87,0.6,-2.02,0.8,Low
3.0,0,75.75,0.86,-0.1,-11.19,0.62,Low
2.0,2,69.1,0.37,0.63,0.08,0.31,Low
5.0,2,66.85,0.21,0.07,1.84,0.16,Low
3.0,2,86.7,0.78,-0.32,-4.87,0.04,Low
2.0,3,84.38,0.43,0.32,-12.85,0.17,Low
4.0,1,85.74,0.19,0.44,13.31,0.45,Low
3.0,2,63.52,0.9,0.12,8.2,0.25,Low
8.0,0,95.74,0.2,-0.89,10.17,0.26,Low
7.0,0,75.57,0.03,-0.66,-3.99,0.88,Low
5.0,2,72.53,0.02,-0.43,7.82,0.52,Low
8.0,3,78.49,0.62,-0.43,-0.44,0.73,Low
5.0,1,75.6,0.66,0.35,-8.97,0.04,Low
3.0,1,94.54,0.31,-0.96,-11.27,0.37,Medium
8.0,4,97.17,0.32,0.51,-4.65,0.48,Low
6.0,1,72.14,0.34,-0.47,-10.87,0.19,Medium
3.0,2,94.56,0.68,-0.38,14.95,0.12,Low
5.0,0,91.26,0.06,0.06,-13.52,0.87,Low
3.0,4,97.23,0.93,-0.57,-1.77,0.94,Low
2.0,3,69.83,0.22,0.77,-1.44,0.08,Low
7.0,2,83.08,1.0,-0.83,-5.98,0.35,Medium
9.0,2,70.98,0.17,-0.11,2.14,0.96,Low
2.0,3,92.96,0.77,0.7,-10.5,0.08,Low
6.0,3,60.21,0.22,0.23,8.52,0.64,Low
4.0,1,82.59,0.08,-0.42,-5.03,0.97,Medium
4.0,3,73.57,0.87,-0.16,2.74,0.98,Low
4.0,3,72.91,0.86,0.41,6.47,0.47,Low
3.0,0,85.8,0.4,0.95,11.67,0.16,Low
5.0,4,94.06,0.7,0.79,10.07,0.2,Low
3.0,4,84.37,0.56,-0.32,3.25,0.89,Low
6.0,2,94.13,0.85,1.0,-3.35,0.91,Low
5.0,2,70.58,0.32,-0.99,0.1,0.61,Low
5.0,2,80.78,0.52,-0.94,8.06,0.77,Low
3.0,0,78.02,0.49,0.65,11.33,0.74,Low
4.0,2,60.47,0.35,-0.6,-11.89,0.66,High
7.0,2,82.27,0.89,-0.88,-3.45,0.83,Low
6.0,3,86.46,0.17,-0.53,8.28,0.69,Low
3.0,0,83.68,0.15,-0.15,-2.05,0.53,Low
5.0,1,89.45,0.58,0.46,-5.03,0.24,Low
7.0,3,82.85,0.66,0.25,-2.66,0.74,Low
2.0,3,62.67,0.19,-0.52,3.09,0.47,Medium
6.0,4,64.66,0.39,0.01,14.99,0.29,Low
4.0,0,83.86,0.95,0.85,-0.21,0.8,Low
6.0,3,71.0,0.25,0.63,-8.75,0.7,Low
3.0,1,63.19,0.67,-0.35,-10.11,0.94,High
1.0,2,77.18,0.74,0.96,-13.73,0.17,Medium
2.0,5,82.17,0.45,0.42,1.76,0.65,Low
5.0,0,73.15,0.94,-0.88,1.34,0.24,Low
6.0,1,88.82,0.74,-0.93,-8.84,0.9,Medium
3.0,3,85.75,0.46,-0.66,5.86,0.1,Low
6.0,3,73.31,0.57,0.46,7.23,0.66,Low
2.0,1,90.19,0.69,-0.63,-7.23,0.79,Medium
5.0,0,85.95,0.59,0.02,-4.68,0.35,Low
3.0,3,85.5,0.88,-0.81,14.71,0.95,Low
4.0,3,82.14,0.36,0.84,-3.77,0.85,Low
5.0,0,60.46,0.3,-0.31,7.82,0.29,Medium
3.0,2,87.86,0.21,0.82,-1.42,0.01,Low
4.0,0,75.04,0.04,0.89,8.8,0.3,Low
7.0,4,97.7,0.04,-0.99,8.07,0.28,Low
4.0,0,92.72,0.87,-0.07,5.03,0.89,Low
7.0,2,83.51,0.68,-0.95,10.64,0.97,Low
3.0,1,70.09,0.66,0.82,13.18,0.07,Low
6.0,0,68.15,0.61,0.04,2.4,0.47,Low
8.0,1,73.62,0.85,-0.85,-7.88,0.55,Medium
0.0,2,79.06,0.48,-0.78,-3.04,0.09,Medium
3.0,5,71.84,0.87,-0.23,7.75,0.38,Low
6.0,1,80.6,0.36,0.88,4.53,0.32,Low
5.0,3,66.61,0.93,0.39,-9.67,0.54,Medium
6.0,1,99.11,0.7,0.74,-13.46,0.66,Low
4.0,5,64.32,0.26,-0.27,5.49,0.7,Medium
5.0,2,97.28,0.56,-0.91,-7.47,0.14,Medium
5.0,0,96.54,0.53,0.95,-0.01,0.81,Low
7.0,1,81.01,0.14,-0.97,7.4,0.68,Low
6.0,2,89.0,0.59,0.9,1.88,0.89,Low
6.0,0,77.44,0.31,-0.26,-12.5,0.45,Low
4.0,1,85.2,0.05,-0.98,-9.43,0.89,Medium
4.0,3,73.62,0.95,0.38,-8.42,0.87,Low
4.0,0,72.05,0.64,0.96,-7.26,0.44,Low
6.0,0,83.13,0.88,0.93,1.96,0.38,Low
4.0,2,79.93,0.68,-0.68,0.12,0.93,Low
6.0,2,83.18,0.36,-0.64,-8.91,0.72,Medium
9.0,2,71.47,0.51,0.13,-12.97,0.93,Low
7.0,4,74.68,0.68,0.27,-9.86,0.8,Low
4.0,3,63.36,0.96,0.48,14.53,0.61,Low
7.0,1,62.09,0.25,-0.64,-0.94,0.12,Medium
4.0,3,70.14,0.87,0.92,11.02,0.29,Low
1.0,1,62.97,0.92,0.28,10.46,0.97,Medium
3.0,3,64.15,0.67,0.69,0.35,0.32,Low
1.0,3,92.52,0.93,0.08,6.2,0.09,Low
4.0,2,61.55,0.4,-0.17,-9.22,0.71,Medium
5.0,3,86.36,0.95,0.95,5.65,0.73,Low
8.0,2,70.9,0.7,0.16,-6.83,0.29,Low
6.0,3,94.86,0.04,0.73,9.96,0.3,Low
5.0,1,79.4,0.91,0.91,-12.49,0.47,Low
7.0,3,72.22,0.48,0.35,8.19,0.02,Low
1.0,2,80.71,0.46,0.1,-12.0,0.79,Medium
5.0,4,75.28,0.57,-0.99,11.44,0.32,Low
7.0,3,82.57,0.15,-0.92,-5.87,0.85,Medium
2.0,1,64.58,0.47,-0.6,4.63,0.8,Medium
7.0,1,99.88,0.83,-0.63,-0.37,0.66,Low
6.0,2,77.02,0.02,-0.49,-4.01,0.32,Low
4.0,4,73.93,0.27,-0.39,4.36,0.52,Low
6.0,2,88.41,0.0,-0.28,13.43,0.44,Low
10.0,3,74.56,0.42,-0.16,-13.76,0.34,Low
5.0,1,93.33,0.73,-0.8,12.57,0.85,Low
5.0,2,78.17,0.8,-0.92,3.27,0.48,Low
4.0,4,88.78,0.95,0.35,9.22,0.83,Low
3.0,4,64.3,0.61,0.07,-3.48,0.11,Low
7.0,1,93.84,0.25,-0.11,-0.84,0.14,Low
3.0,3,89.43,0.92,0.27,11.07,0.98,Low
5.0,0,68.47,0.78,0.66,-2.55,0.59,Low
4.0,2,65.81,0.57,-0.14,1.04,0.51,Low
6.0,5,72.65,0.7,0.28,-14.39,0.52,Medium
6.0,1,99.04,0.92,0.91,-10.24,0.22,Low
7.0,2,70.27,0.71,0.68,4.25,0.72,Low
4.0,2,78.25,0.37,-0.15,6.51,0.08,Low
4.0,0,61.2,0.71,0.29,2.48,0.57,Low
3.0,3,75.89,0.04,-0.65,-10.7,0.57,Medium
4.0,1,82.85,0.39,0.12,-1.64,0.91,Low
6.0,4,98.12,0.41,0.96,-4.35,0.53,Low
7.0,5,80.67,0.17,0.04,-0.13,0.14,Low
3.0,3,92.76,0.02,0.86,11.11,0.57,Low
7.0,2,81.89,0.13,-0.19,8.28,0.09,Low
8.0,0,61.63,0.65,1.0,-12.48,0.2,Medium
6.0,3,72.6,0.8,0.16,11.71,0.03,Low
9.0,1,83.02,0.99,-0.92,-0.85,0.51,Low
3.0,1,98.02,0.35,0.17,7.32,0.08,Low
3.0,1,94.37,0.6,-0.45,-10.8,0.47,Medium
1.0,1,69.13,0.94,-0.94,5.12,0.93,High
8.0,2,68.8,0.17,0.64,-7.91,0.72,Medium
6.0,2,68.05,0.72,-0.45,-1.85,0.08,Medium
5.0,1,96.9,0.75,0.59,-14.49,0.22,Low
6.0,0,94.11,0.09,-0.42,-10.45,0.67,Medium
3.0,5,91.0,0.86,-0.61,-12.24,0.89,High
10.0,0,75.71,0.81,0.95,-7.81,0.03,Low
5.0,0,80.18,0.03,-0.28,-12.0,0.81,Low
5.0,1,78.57,0.09,0.2,5.76,0.56,Low
6.0,1,70.14,0.05,0.22,-14.13,0.55,Low
6.0,3,80.2,0.33,0.12,3.53,0.96,Low
5.0,1,61.22,0.51,0.83,-10.78,0.75,Medium
3.0,0,65.27,0.53,0.35,13.35,0.85,Low
6.0,1,95.46,0.27,-0.19,12.99,0.35,Low
9.0,4,90.07,0.91,0.72,-8.23,0.55,Low
8.0,2,76.91,0.37,-0.64,3.43,0.62,Low
8.0,0,80.69,0.05,0.09,-14.16,0.32,Low
4.0,3,74.8,0.3,0.9,12.95,0.57,Low
3.0,1,89.63,0.53,0.25,0.69,0.24,Low
5.0,1,91.37,0.41,0.63,-13.7,0.14,Low
5.0,0,90.53,0.27,0.31,-4.73,0.37,Low
7.0,3,88.9,0.13,0.68,-12.69,0.74,Low
2.0,1,68.18,0.82,0.89,-3.21,0.92,Low
8.0,0,73.52,1.0,-0.45,5.1,0.46,Low
5.0,2,78.79,0.33,-0.66,-0.9,0.64,Low
4.0,3,73.23,0.38,-0.03,-3.49,0.1,Low
3.0,1,90.2,0.62,0.4,-11.43,0.9,Low
2.0,5,73.17,0.72,-0.55,-7.65,0.57,High
7.0,3,65.53,0.39,-0.99,-12.0,0.78,High
5.0,3,75.96,0.9,-0.31,9.22,0.79,Low
2.0,4,99.2,0.56,0.94,-10.94,0.26,Low
2.0,1,69.04,0.45,0.39,2.86,0.53,Low
4.0,2,84.49,0.65,-0.2,-4.72,0.96,Low
8.0,2,77.32,0.95,-0.61,-8.22,0.09,Medium
4.0,2,62.84,0.79,-0.29,4.18,0.68,Low
2.0,2,79.52,0.04,-0.66,-1.29,0.96,Low
5.0,3,88.09,0.33,-0.79,-3.0,0.3,Low
4.0,3,80.53,0.47,0.81,2.79,0.86,Low
0.0,2,94.88,0.31,1.0,-0.26,0.93,Low
5.0,3,71.56,0.7,-0.67,-5.9,0.75,Medium
5.0,1,63.45,0.83,-0.89,1.77,0.23,Medium
6.0,3,97.46,0.73,-0.34,5.08,0.33,Low
9.0,5,75.13,0.99,-0.08,-14.2,0.04,Medium
7.0,0,83.06,0.27,-0.59,-1.02,0.83,Low
4.0,1,91.68,0.87,-0.4,-13.27,0.85,Medium
3.0,2,72.97,0.77,-0.6,-9.41,0.63,Medium
10.0,0,88.65,0.36,0.55,1.82,0.35,Low
5.0,2,65.42,0.73,0.43,10.99,0.08,Low
5.0,0,71.65,0.1,0.27,11.48,0.75,Low
5.0,2,65.79,0.79,-0.23,-12.9,0.73,Medium
5.0,1,92.45,0.53,0.82,-2.43,0.91,Low
5.0,3,68.91,0.29,0.94,2.49,0.73,Low
4.0,2,88.7,0.66,-0.65,-10.59,0.83,Medium
4.0,5,97.73,0.64,-0.55,7.96,0.75,Medium
5.0,3,81.11,0.21,0.05,7.33,0.63,Low
4.0,1,81.6,0.03,-0.82,12.1,0.43,Low
4.0,1,78.44,0.43,-0.13,-14.75,0.9,Low
5.0,3,73.04,0.57,0.16,-8.5,0.65,Low
4.0,0,79.03,0.88,0.04,9.82,0.4,Low
8.0,0,84.11,0.93,-0.34,5.12,0.08,Low
0.0,1,99.44,0.53,0.08,11.83,0.29,Low
7.0,1,97.51,0.75,0.92,-13.28,0.54,Low
7.0,2,94.49,0.44,-0.59,2.91,0.28,Low
1.0,4,95.57,0.75,0.31,2.07,0.22,Low
4.0,2,78.71,0.2,-0.91,-13.93,0.53,Medium
4.0,6,86.3,0.37,-0.87,0.41,0.17,Medium
2.0,1,95.8,0.63,0.1,3.29,0.8,Low
3.0,2,75.72,0.02,-0.79,-9.26,0.48,Medium
3.0,1,98.47,0.72,-0.96,-6.8,0.57,Medium
9.0,3,76.63,0.84,-0.66,4.21,0.15,Low
7.0,3,84.04,0.4,0.13,-0.95,0.32,Low
8.0,2,88.39,0.45,0.41,10.74,0.41,Low
6.0,4,98.02,0.85,-0.6,-4.73,0.81,Low
3.0,2,69.78,0.78,0.34,-7.0,0.77,Medium
4.0,3,89.85,0.29,-0.64,14.55,0.22,Low
6.0,2,80.83,0.32,0.23,12.33,0.62,Low
3.0,2,70.74,0.68,-0.18,-14.13,0.24,Low
6.0,1,91.06,0.56,0.31,8.12,0.99,Low
5.0,3,82.09,0.16,0.99,-11.69,0.95,Low
4.0,3,86.44,0.31,0.88,-14.18,0.56,Low
6.0,2,72.92,0.9,-0.99,-6.79,0.7,Medium
6.0,0,79.25,0.69,0.77,-6.92,0.8,Low
4.0,1,84.69,0.99,-0.87,9.58,0.72,Low
7.0,1,76.2,0.77,0.91,6.32,0.7,Low
3.0,5,67.93,0.94,-0.44,14.45,0.96,High
6.0,1,98.47,0.22,-0.24,6.35,0.6,Low
6.0,3,80.46,0.77,-0.82,-2.45,0.64,Low
4.0,2,89.36,0.02,-0.78,5.97,0.85,Low
6.0,3,76.44,0.67,0.45,14.98,0.67,Low
2.0,4,74.21,0.47,0.89,6.3,0.73,Low
7.0,3,76.29,0.35,0.22,7.85,0.23,Low
5.0,3,76.37,0.86,0.43,13.15,0.37,Low
4.0,2,81.77,0.85,0.52,-11.59,0.15,Low
7.0,3,81.74,0.02,-0.47,6.14,0.51,Low
4.0,2,79.89,0.61,-0.91,10.52,0.46,Low
2.0,2,65.39,0.37,-1.0,13.63,1.0,Medium
2.0,5,79.84,0.42,-0.3,-8.67,0.61,Medium
6.0,4,66.76,0.83,-0.52,0.12,0.79,Medium
2.0,1,65.05,0.31,-0.88,5.42,0.33,Medium
9.0,2,97.31,0.94,-0.64,-7.58,0.83,Medium
1.0,3,84.2,0.18,-0.75,3.01,0.62,Medium
8.0,2,86.38,0.66,0.83,-7.27,0.7,Low
5.0,2,76.07,0.67,-0.72,-5.0,0.29,Low
5.0,0,96.36,0.25,0.08,-1.75,0.55,Low
4.0,3,85.52,0.32,0.19,0.88,0.63,Low
6.0,2,90.77,0.83,0.09,-1.52,0.59,Low
5.0,3,74.74,0.76,-0.8,-0.2,0.92,Low
7.0,2,98.4,0.33,-0.36,-6.04,0.9,Medium
5.0,3,92.82,0.53,-0.9,-10.23,0.97,Medium
5.0,2,94.16,0.06,-0.21,-13.58,0.67,Low
4.0,2,66.89,0.21,-0.62,-9.12,0.97,High
5.0,2,70.84,0.49,0.12,2.46,0.83,Low
6.0,3,71.43,0.09,0.39,8.58,0.27,Low
2.0,2,70.84,0.84,0.06,-9.92,0.43,Low
2.0,1,94.22,0.72,-0.13,-11.74,0.24,Low
6.0,1,61.28,0.94,-0.23,7.48,0.0,Low
5.0,3,63.04,0.69,0.68,-5.85,0.19,Medium
5.0,0,70.96,0.94,-0.56,13.54,0.0,Low
5.0,0,67.99,0.55,0.47,6.43,0.72,Low
6.0,3,69.27,0.6,0.51,-5.2,0.43,Medium
4.0,2,91.92,0.98,-0.16,-6.31,0.31,Low
3.0,2,82.53,0.64,-0.41,0.71,0.76,Low
5.0,0,60.23,0.03,-0.06,-12.63,0.83,Medium
3.0,2,77.17,0.72,-0.81,-11.47,0.98,Medium
6.0,1,76.32,0.91,-0.91,-9.72,0.64,Medium
2.0,2,64.56,0.8,-0.78,8.24,0.46,Medium
7.0,3,87.05,0.58,-0.63,0.42,0.31,Low
6.0,1,88.08,0.67,0.01,-14.68,0.22,Low
6.0,5,88.84,0.99,0.7,5.21,0.21,Low
7.0,1,89.14,0.09,-0.53,-2.29,0.41,Low
8.0,2,60.0,0.67,0.87,0.33,0.99,Low
7.0,2,98.16,0.28,0.91,-8.58,0.0,Low
1.0,1,92.57,0.64,0.92,1.55,0.2,Low
2.0,3,96.16,0.61,0.68,14.37,0.19,Low
4.0,1,60.63,0.15,-0.27,-12.8,0.72,Medium
5.0,1,97.35,0.21,-0.85,-6.48,0.35,Medium
6.0,1,92.39,0.62,0.14,-7.71,0.46,Low
4.0,1,93.49,0.13,0.12,-7.54,0.15,Low
5.0,4,63.73,0.27,0.7,-3.64,0.4,Low
3.0,0,89.55,0.84,0.99,9.54,0.1,Low
4.0,1,98.4,0.33,0.02,12.39,0.53,Low
2.0,1,87.14,0.49,-0.31,-8.93,0.1,Medium
3.0,1,82.82,0.94,-0.63,1.29,0.79,Low
2.0,1,97.83,0.23,-0.99,4.11,0.57,Low
3.0,1,77.72,0.39,0.02,0.65,0.72,Low
7.0,0,83.97,0.61,0.11,-1.98,0.42,Low
3.0,3,79.05,0.76,0.65,-9.24,0.38,Low
10.0,0,97.31,0.9,0.01,-0.35,0.1,Low
6.0,3,63.04,0.92,0.83,-2.96,0.52,Low
5.0,1,80.04,0.78,0.26,8.87,0.51,Low
3.0,6,87.48,0.23,0.68,7.91,0.47,Low
6.0,1,91.68,0.02,-0.7,-10.98,0.74,Medium
4.0,2,83.32,0.38,0.71,-12.34,0.83,Low
5.0,1,96.36,0.14,0.35,12.24,0.75,Low
10.0,1,97.68,0.71,-0.66,1.07,0.14,Low
5.0,4,62.57,0.66,-0.62,10.73,0.62,Medium
7.0,1,76.09,0.04,0.85,-13.26,0.08,Low
4.0,2,60.94,0.84,-0.94,0.8,0.69,Medium
5.0,3,73.18,0.25,-0.07,1.18,0.38,Low
9.0,0,81.47,0.43,-0.37,10.82,0.13,Low
4.0,1,96.43,0.67,0.33,-12.07,0.86,Low
9.0,1,93.86,0.43,0.68,-7.79,0.61,Low
6.0,1,65.1,0.44,-0.28,-2.8,0.35,Low
4.0,3,63.72,0.07,-0.15,10.98,0.03,Low
6.0,1,83.57,0.4,0.96,13.17,0.54,Low
7.0,2,81.28,0.76,0.57,14.78,0.92,Low
6.0,3,70.66,0.92,0.79,13.78,0.6,Low
2.0,1,95.98,0.41,-0.12,-14.82,0.97,Low
4.0,2,97.09,0.42,-0.53,-13.57,0.14,Medium
5.0,3,76.1,0.7,-0.18,-10.57,0.57,Low
5.0,1,95.61,0.94,0.43,-4.53,0.8,Low
6.0,2,75.36,0.27,-0.78,9.9,0.53,Low
5.0,3,89.47,0.44,-0.46,11.78,0.09,Low
2.0,2,79.04,0.8,-0.91,-9.39,0.58,Medium
6.0,0,64.9,0.61,-0.14,3.59,0.61,Low
6.0,3,97.12,0.11,0.65,12.52,0.73,Low
6.0,2,78.16,0.63,-0.95,-1.09,0.76,Low
7.0,2,89.38,0.19,0.35,-11.89,0.77,Low
7.0,0,74.69,0.51,0.86,-1.27,0.66,Low
6.0,1,60.76,0.53,-0.53,-3.73,0.22,Medium
5.0,0,64.02,0.88,0.39,2.33,0.4,Low
2.0,1,79.85,0.46,0.95,-1.84,0.78,Low
6.0,1,87.6,0.28,0.92,-14.48,0.95,Low
5.0,2,73.39,0.23,-0.53,14.82,0.08,Low
6.0,3,87.82,0.87,-0.8,1.31,0.54,Low
2.0,3,87.95,0.17,-0.7,-0.79,0.31,Low
3.0,2,88.16,0.43,0.4,13.64,0.23,Low
7.0,2,79.7,0.19,0.45,-10.32,0.51,Low
5.0,4,96.6,0.77,0.35,-9.32,0.61,Low
6.0,1,79.57,0.47,-0.33,9.24,0.01,Low
5.0,3,78.01,0.35,-0.66,-7.18,0.78,Medium
5.0,3,67.98,0.36,0.16,8.98,0.82,Low
7.0,4,72.31,0.85,-0.03,-6.85,0.97,Low
4.0,2,61.69,0.55,0.46,-14.0,0.18,Medium
5.0,4,85.34,0.72,-0.12,0.51,0.59,Low
4.0,3,69.94,0.9,-0.32,-9.1,0.43,High
4.0,2,72.17,0.9,-0.41,7.74,0.33,Low
4.0,3,90.83,0.33,-0.58,4.24,0.57,Low
5.0,2,73.09,0.95,-0.47,12.71,0.78,Low
4.0,2,69.69,0.02,-0.81,8.49,0.02,Medium
8.0,4,66.76,0.38,-0.31,-9.58,0.97,High
3.0,4,90.99,0.9,-0.93,9.0,0.81,Low
5.0,1,65.19,0.27,-0.63,4.25,0.75,Medium
4.0,1,78.15,0.27,0.49,5.07,0.76,Low
8.0,0,80.28,0.3,-0.35,9.97,0.39,Low
5.0,3,87.5,0.61,0.34,2.21,0.75,Low
7.0,1,85.33,0.44,0.43,-1.02,0.39,Low
2.0,6,92.43,0.73,0.16,4.1,0.9,Low
6.0,1,61.79,0.89,0.92,-6.06,0.18,Medium
7.0,1,71.86,0.67,-0.96,-9.52,0.29,Medium
5.0,3,71.21,0.2,0.48,3.5,0.55,Low
7.0,3,65.84,0.93,0.92,-7.98,0.32,Medium
4.0,0,71.57,0.26,0.72,-12.6,0.42,Low
8.0,2,72.39,0.15,-0.66,-14.98,0.49,Medium
10.0,1,80.88,0.09,-0.35,3.25,0.86,Low
4.0,3,86.55,0.56,-0.66,-4.14,0.52,Low
4.0,1,75.24,0.11,0.2,7.57,0.36,Low
8.0,3,88.78,0.14,0.42,-3.74,0.25,Low
8.0,5,73.45,0.3,-0.37,-0.42,0.41,Medium
4.0,0,71.61,0.28,0.08,-2.79,0.52,Low
4.0,1,81.65,0.6,0.38,4.52,0.75,Low
4.0,2,60.95,0.82,-0.16,-4.32,0.12,Low
2.0,1,63.19,0.76,0.71,13.91,0.22,Low
3.0,5,76.72,0.26,0.54,13.08,0.38,Low
3.0,1,97.72,0.25,-0.87,10.44,0.36,Low
3.0,3,88.86,0.97,0.24,12.61,0.39,Low
5.0,2,63.53,0.01,-0.53,-1.53,0.79,Medium
5.0,2,93.85,0.88,0.12,1.09,0.32,Low
8.0,0,89.29,0.2,0.91,7.26,0.5,Low
3.0,2,84.44,0.95,0.76,5.88,0.62,Low
7.0,2,92.81,0.34,-0.19,11.72,0.23,Low
5.0,4,76.16,0.44,-0.42,6.49,0.72,Low
5.0,0,68.86,0.71,-0.53,14.94,0.55,Medium
6.0,3,80.48,0.59,0.07,-4.54,0.45,Low
3.0,3,81.95,0.32,-0.77,9.99,0.81,Low
6.0,3,81.53,0.55,0.1,5.93,0.24,Low
5.0,2,82.6,0.73,-1.0,5.74,0.88,Low
6.0,0,97.95,0.04,-0.35,-5.22,0.56,Medium
6.0,2,96.09,0.01,-0.56,8.57,0.61,Low
10.0,2,95.03,0.46,0.94,12.01,0.88,Low
4.0,1,92.06,0.13,0.45,-8.44,0.82,Low
4.0,0,97.74,0.66,-0.3,3.76,0.6,Low
4.0,0,63.94,0.21,-0.81,-3.24,0.75,Medium
4.0,1,70.6,0.43,0.03,14.69,0.43,Low
4.0,0,79.8,0.2,-0.57,-0.64,0.55,Low
7.0,2,93.86,0.55,0.07,-8.15,0.06,Low
8.0,1,80.21,0.12,0.67,-3.54,0.09,Low
4.0,3,89.92,0.02,0.23,4.62,0.83,Low
3.0,1,65.56,0.05,0.27,-12.72,0.06,Medium
6.0,1,70.1,0.95,0.08,3.11,0.17,Low
4.0,6,89.27,0.14,0.85,12.94,0.8,Low
6.0,3,66.59,0.71,0.86,10.51,0.0,Low
5.0,1,74.05,0.07,0.03,-12.97,0.28,Low
2.0,1,70.59,0.11,-0.39,14.8,0.58,Low
8.0,4,73.99,0.51,-0.08,5.96,0.6,Low
9.0,3,88.33,0.46,-0.63,-10.13,0.78,Medium
4.0,0,74.71,0.95,0.27,-14.63,0.51,Low
4.0,0,82.21,0.94,0.0,-9.86,0.51,Low
6.0,3,64.0,0.78,-0.79,10.15,0.73,Medium
6.0,3,92.2,0.6,-0.6,-14.35,0.5,Medium
6.0,4,74.8,0.45,-0.04,-8.01,0.61,Low
9.0,2,85.94,0.36,0.78,7.72,0.9,Low
5.0,1,89.02,0.95,0.13,2.58,0.4,Low
3.0,4,68.39,0.6,0.36,8.48,0.39,Low
2.0,2,95.39,0.58,-0.32,7.38,0.0,Low
4.0,1,84.65,0.23,0.14,-13.48,0.61,Low
5.0,2,77.15,0.05,-0.11,11.78,0.03,Low
9.0,2,67.29,0.95,0.32,-8.19,0.5,Medium
4.0,2,97.69,0.31,-0.9,1.6,0.8,Low
5.0,1,90.2,0.44,-0.01,4.33,0.55,Low
5.0,0,68.32,0.11,-0.41,-9.94,0.27,High
7.0,3,73.51,0.84,-0.35,14.29,0.79,Low
10.0,4,92.39,0.03,0.92,-0.36,0.27,Low
4.0,6,87.83,0.83,-0.63,-13.27,0.73,High
4.0,4,90.63,0.14,-0.38,13.12,0.61,Low
7.0,2,77.65,0.89,0.02,2.59,0.17,Low
6.0,1,88.66,0.73,0.73,5.98,0.91,Low
9.0,4,75.46,0.16,-0.17,0.76,0.2,Low
6.0,2,68.45,0.57,0.49,10.04,0.99,Low
4.0,3,85.31,0.31,0.71,-14.01,0.01,Low
6.0,2,99.04,0.18,-0.38,-6.95,0.26,Medium
7.0,3,72.42,0.86,-0.21,-0.91,0.2,Low
7.0,0,78.44,0.4,-0.29,-12.7,0.01,Low
6.0,2,86.96,0.4,0.67,6.18,0.73,Low
7.0,2,81.66,0.17,-0.91,-3.19,0.69,Low
7.0,2,93.74,0.38,-0.38,-6.82,0.79,Medium
8.0,3,90.47,0.87,0.36,-14.9,0.26,Low
6.0,2,62.33,0.36,0.13,6.59,0.44,Low
5.0,2,99.94,0.95,-0.13,10.01,0.66,Low
5.0,3,90.1,0.95,0.08,-3.15,0.44,Low
7.0,5,94.56,0.14,-0.6,1.93,0.7,Medium
3.0,3,86.05,0.18,-0.14,-8.17,0.63,Low
6.0,0,94.25,0.86,0.0,3.67,0.11,Low
4.0,2,64.5,0.39,0.8,-14.64,0.78,Medium
5.0,3,73.91,0.0,-0.48,-0.34,0.72,Low
8.0,2,95.06,0.27,0.74,4.33,0.66,Low
5.0,3,68.07,0.6,0.29,12.55,0.16,Low
5.0,2,63.13,0.8,-0.96,-3.56,0.27,Medium
2.0,0,91.52,0.13,0.45,7.96,0.39,Low
6.0,2,93.42,0.11,-0.93,2.93,0.28,Low
6.0,1,66.51,0.92,0.99,12.81,0.23,Low
9.0,2,94.17,0.75,0.75,-3.05,0.81,Low
4.0,2,87.47,0.59,-0.41,-5.43,0.64,Medium
5.0,4,80.8,0.77,-0.49,11.61,0.57,Low
5.0,0,93.21,0.43,-0.24,-13.52,0.23,Low
8.0,2,76.77,0.76,-0.29,-10.91,0.92,Low
5.0,0,67.76,0.37,-0.26,-12.53,0.19,Medium
6.0,0,71.39,0.24,-0.36,10.29,0.79,Low
6.0,1,80.21,0.73,0.24,-14.68,0.97,Low
5.0,2,81.25,0.42,-0.67,10.85,0.73,Low
4.0,0,92.22,0.98,0.69,-1.46,0.99,Low
5.0,1,91.65,0.35,0.62,-14.88,0.65,Low
7.0,4,83.25,0.92,-0.05,-2.95,0.22,Low
3.0,3,91.23,0.93,0.71,-9.4,0.2,Low
5.0,4,67.67,0.24,-0.51,3.73,0.32,Medium
4.0,2,62.0,0.8,-0.96,5.38,0.01,Medium
7.0,2,94.95,0.43,0.24,-0.37,0.68,Low
2.0,2,63.02,0.92,-0.08,-13.78,0.27,Medium
4.0,1,69.87,0.45,0.13,4.68,0.82,Low
6.0,1,87.81,0.74,0.8,10.26,0.36,Low
8.0,1,76.38,0.47,0.94,6.61,0.48,Low
5.0,1,95.05,0.23,0.27,9.9,0.97,Low
4.0,3,71.92,0.2,0.53,-8.98,0.24,Low
9.0,2,60.47,0.43,-0.83,11.67,0.72,Medium
2.0,2,72.03,0.76,-0.68,-5.33,0.76,Medium
1.0,2,83.12,0.61,0.47,-14.6,0.22,Medium
6.0,0,75.04,0.69,-0.14,10.3,0.5,Low
4.0,1,81.39,0.28,-0.11,13.25,0.35,Low
3.0,4,95.06,0.48,-0.38,4.67,0.77,Low
6.0,2,96.5,0.04,0.21,-8.06,0.62,Low
5.0,4,70.64,0.82,-0.63,-7.45,0.48,Medium
4.0,4,78.49,0.99,0.25,-1.0,0.78,Low
2.0,2,81.97,0.41,-0.65,11.93,0.24,Low
7.0,1,97.96,0.01,-0.87,-10.51,0.75,Medium
6.0,3,99.94,0.17,-0.34,9.78,0.87,Low
5.0,3,69.42,0.65,-0.54,-6.26,0.88,High
9.0,1,89.08,0.61,0.78,9.26,0.78,Low
3.0,1,75.12,0.79,-0.89,12.61,0.41,Low
2.0,4,60.32,0.25,-0.65,-2.18,0.98,Medium
4.0,1,60.37,0.76,0.1,-4.05,0.38,Low
5.0,4,78.42,0.69,-0.04,9.07,0.64,Low
5.0,0,79.53,0.32,-0.91,0.88,0.16,Low
5.0,3,60.9,0.55,-0.99,5.53,0.98,Medium
6.0,3,87.48,0.15,0.98,3.68,0.7,Low
2.0,3,71.76,0.45,0.32,-10.41,0.75,Low
8.0,2,82.4,0.88,-0.27,10.34,0.07,Low
5.0,1,72.04,0.42,-0.06,-9.13,0.76,Low
7.0,0,66.69,0.84,-0.47,12.97,0.77,Medium
6.0,2,76.29,0.59,-0.31,-7.48,0.67,Medium
6.0,2,69.29,0.19,0.3,7.02,0.29,Low
6.0,2,81.39,0.58,0.77,-6.46,0.49,Low
6.0,3,67.95,0.51,-0.63,-5.47,0.11,High
6.0,3,80.34,0.4,0.68,-5.7,0.47,Low
8.0,1,66.3,0.12,-0.76,7.44,0.24,Medium
5.0,2,86.84,0.42,-0.57,1.7,0.35,Low
6.0,1,90.16,0.07,-0.93,11.49,0.16,Low
5.0,2,64.42,0.1,-0.72,-5.78,0.23,High
8.0,0,78.71,0.42,0.83,5.76,0.08,Low
4.0,1,62.83,0.31,-0.08,7.59,0.92,Low
9.0,1,83.93,0.93,-0.84,-10.46,0.53,Medium
5.0,2,70.58,0.38,0.92,-2.98,0.4,Low
2.0,1,81.1,0.76,0.76,-0.52,0.54,Low
5.0,1,80.7,0.53,0.51,-4.33,0.63,Low
4.0,2,96.97,0.7,0.87,-5.34,0.92,Low
7.0,4,81.96,0.26,-0.56,5.59,0.18,Low
4.0,0,83.32,0.94,0.67,-8.52,0.3,Low
4.0,1,76.07,0.53,0.38,6.28,0.98,Low
1.0,4,97.96,0.83,0.74,13.05,0.37,Low
4.0,2,91.09,0.37,0.59,1.96,0.02,Low
0.0,1,71.42,0.1,-0.31,3.34,0.15,Medium
2.0,1,93.77,0.67,0.55,-12.93,0.03,Low
7.0,3,77.3,0.01,-0.48,10.93,0.99,Low
7.0,1,93.15,0.48,-0.34,-6.44,0.28,Medium
6.0,3,92.92,0.19,-0.78,3.45,0.92,Low
3.0,3,67.55,0.63,0.87,14.37,1.0,Low
5.0,2,88.05,0.98,-0.42,2.87,0.6,Low
5.0,2,71.63,0.46,0.04,6.74,0.03,Low
3.0,4,71.9,0.82,-0.22,-1.64,0.08,Low
8.0,1,71.85,0.51,0.92,-13.19,0.48,Low
7.0,1,89.02,0.5,-0.33,8.93,0.41,Low
5.0,2,69.19,0.93,0.56,-13.95,0.61,Medium
5.0,1,60.04,0.89,0.71,6.02,0.44,Low
5.0,3,88.61,0.79,-0.13,-14.31,0.93,Low
1.0,3,66.85,0.3,-0.24,10.87,0.53,Medium
5.0,4,64.18,0.55,0.5,-10.27,0.69,Medium
4.0,1,69.5,0.22,0.83,0.43,0.9,Low
3.0,1,75.2,0.44,0.51,2.91,0.15,Low
4.0,1,79.04,0.48,-0.55,-1.27,0.23,Low
9.0,1,61.78,0.83,0.78,-4.78,0.11,Low
6.0,2,98.82,0.9,-0.22,-0.97,0.14,Low
4.0,0,88.64,0.41,0.15,-5.66,0.51,Low
6.0,1,72.93,0.02,0.66,-1.86,0.32,Low
8.0,2,72.75,0.86,-0.62,-4.23,0.42,Low
7.0,4,77.94,0.17,0.57,1.99,0.98,Low
5.0,0,85.05,0.62,0.19,-7.86,0.16,Low
4.0,0,65.85,0.02,0.79,14.66,0.54,Low
6.0,1,67.56,0.4,-0.66,0.03,0.1,Medium
6.0,1,94.38,0.99,-0.16,-9.18,0.32,Low
7.0,4,70.25,0.1,0.67,-0.69,0.53,Low
6.0,2,75.21,0.42,-0.96,10.99,0.95,Low
7.0,2,94.85,0.31,-0.78,-14.35,0.39,Medium
4.0,2,86.53,0.91,0.98,5.39,0.06,Low
8.0,5,73.67,0.87,-0.44,1.44,0.39,Medium
5.0,3,87.35,0.24,0.95,-9.91,0.15,Low
9.0,4,60.79,0.08,-0.63,9.52,0.23,Medium
4.0,3,89.43,0.63,-0.28,-3.93,0.62,Low
8.0,0,79.48,0.34,0.51,-6.19,0.07,Low
5.0,3,92.53,0.67,0.32,9.84,0.46,Low
4.0,2,98.19,0.03,0.16,4.16,0.61,Low
4.0,3,97.03,0.13,0.06,11.95,0.42,Low
4.0,3,96.37,0.69,0.69,3.9,0.02,Low
6.0,1,80.49,0.21,-0.53,7.22,0.99,Low
6.0,1,74.41,0.86,-0.12,10.09,0.37,Low
4.0,4,78.6,0.06,-0.69,-13.36,0.78,Medium
5.0,0,87.6,0.22,0.19,8.28,0.33,Low
9.0,2,95.36,1.0,-0.5,3.41,0.48,Low
8.0,3,68.28,0.43,-0.33,-12.91,0.39,High
6.0,1,96.73,0.7,-0.06,0.26,0.34,Low
5.0,0,92.61,0.18,-0.95,-12.53,0.02,Medium
5.0,3,99.15,0.61,-0.82,7.08,0.36,Low
6.0,2,95.21,0.73,0.37,1.4,0.89,Low
3.0,1,71.2,0.31,-0.14,13.61,0.69,Low
4.0,2,64.24,0.83,0.73,-9.51,0.15,Medium
2.0,1,64.49,0.6,0.39,3.18,0.59,Low
6.0,0,71.65,0.39,-0.98,-8.65,0.89,Medium
6.0,2,84.57,0.56,0.23,3.42,0.7,Low
4.0,0,92.17,0.58,-0.81,6.68,0.15,Low
8.0,3,95.97,0.17,0.56,6.67,0.87,Low
3.0,2,84.95,0.4,0.98,9.45,0.3,Low
2.0,4,60.23,0.34,0.06,10.61,0.45,Low
5.0,1,67.45,0.4,0.37,-12.68,0.53,Medium
7.0,0,63.99,0.76,-0.53,-4.7,0.85,Medium
8.0,0,74.53,0.48,-0.12,5.61,0.93,Low
4.0,4,80.05,0.94,0.71,-0.04,0.93,Low
7.0,0,61.74,0.29,-0.67,-9.28,0.01,High
5.0,5,73.94,0.42,-0.47,1.58,0.92,Medium
5.0,0,67.17,0.79,-0.11,-2.78,0.05,Low
7.0,3,85.88,0.55,0.42,-3.3,0.27,Low
6.0,2,78.57,0.55,-0.25,9.29,0.51,Low
2.0,1,79.81,0.05,0.86,-2.77,0.48,Low
8.0,1,77.11,0.4,-0.81,-14.21,0.6,Medium
8.0,1,98.24,0.27,-0.26,-13.26,0.48,Low
4.0,2,68.59,1.0,0.42,10.69,0.93,Low
6.0,3,80.67,0.31,-0.55,13.82,0.24,Low
6.0,2,89.44,0.88,0.31,5.65,0.27,Low
6.0,3,82.27,0.68,-0.67,-4.07,0.92,Low
4.0,3,97.16,0.34,-0.89,13.16,0.08,Low
4.0,1,75.12,0.54,-0.76,4.88,0.61,Low
5.0,2,78.55,0.84,0.86,10.33,0.68,Low
7.0,2,63.54,0.88,0.1,7.98,0.51,Low
6.0,2,84.36,0.16,0.59,-3.63,0.69,Low
4.0,4,71.53,0.34,-0.33,-0.64,0.17,Low
7.0,1,66.41,0.34,0.19,-9.42,0.85,Medium
0.0,0,81.78,0.04,-0.01,-6.24,0.14,Medium
7.0,1,81.29,0.6,0.89,8.34,0.4,Low
2.0,2,63.03,0.85,0.5,11.82,0.08,Low
4.0,0,87.93,0.38,0.46,6.73,0.55,Low
3.0,1,84.95,0.74,-0.91,-1.04,0.67,Low
2.0,0,67.56,0.63,0.1,-12.4,0.94,Medium
7.0,2,78.78,0.38,-0.07,-13.29,0.74,Low
4.0,2,88.81,0.14,0.86,-3.77,0.54,Low
6.0,3,81.18,0.71,-0.49,-1.09,0.93,Low
5.0,0,75.82,0.85,-0.46,3.27,0.48,Low
6.0,5,72.89,0.69,-0.18,-14.81,0.56,Medium
5.0,5,84.42,0.02,-0.51,14.69,0.6,Medium
2.0,1,97.56,0.22,-0.74,-4.08,0.41,Low
7.0,4,86.87,0.07,0.71,10.44,0.84,Low
4.0,2,62.99,0.57,0.12,1.05,0.19,Low
2.0,3,78.43,0.76,0.72,-11.09,0.55,Low
4.0,2,95.63,0.11,0.66,8.93,0.72,Low
8.0,3,63.78,0.84,-0.44,6.29,0.9,Medium
7.0,2,99.56,0.56,0.1,0.82,0.88,Low
4.0,2,97.96,0.69,-0.83,0.44,0.51,Low
4.0,2,63.13,0.97,0.83,-12.38,0.64,Medium
4.0,2,97.34,0.08,-0.19,4.68,0.39,Low
9.0,0,74.53,0.9,-0.21,12.34,0.47,Low
6.0,4,93.79,0.13,-0.39,-12.2,0.91,Medium
6.0,4,76.74,0.39,-0.08,-7.09,0.93,Low
7.0,1,77.63,0.85,-0.5,12.07,0.9,Low
5.0,3,85.37,0.91,-0.25,-6.47,0.14,Low
4.0,0,90.98,0.51,0.6,4.62,0.85,Low
5.0,2,61.35,0.59,0.67,1.04,0.95,Low
5.0,0,83.73,0.71,-0.39,2.89,0.36,Low
5.0,3,67.47,0.83,-0.06,-2.53,0.52,Low
6.0,2,73.84,0.12,0.75,-6.0,0.78,Low
5.0,1,73.92,0.81,-0.89,-13.54,0.56,Medium
6.0,0,78.76,0.48,0.78,7.33,0.99,Low
5.0,0,73.37,0.45,-0.56,7.38,0.46,Low
5.0,4,64.29,0.42,0.36,5.12,0.71,Low
1.0,2,65.83,0.51,0.17,4.31,0.79,Medium
7.0,2,61.34,0.95,0.11,-7.69,0.49,Medium
6.0,3,78.81,0.55,0.72,-14.33,0.86,Low
7.0,5,98.18,0.95,-0.8,9.26,0.55,Medium
0.0,3,64.63,0.18,-0.31,-0.27,0.41,High
9.0,0,97.85,0.72,0.08,-5.79,0.11,Low
5.0,0,89.33,0.81,0.62,-11.94,0.39,Low
7.0,2,85.5,0.68,-0.57,-13.12,0.73,Medium
3.0,2,85.81,0.61,0.61,-4.53,0.92,Low
6.0,2,93.07,0.56,-0.2,9.14,0.25,Low
3.0,3,64.28,0.86,-0.62,12.56,0.36,Medium
4.0,0,80.19,0.82,0.52,11.9,0.15,Low
9.0,0,87.88,0.12,-0.82,12.6,0.69,Low
5.0,3,83.47,0.85,0.03,12.23,0.96,Low
5.0,2,93.31,0.41,-0.87,0.82,0.64,Low
7.0,3,62.89,0.25,-0.29,-8.42,0.62,Medium
6.0,1,87.63,0.87,0.2,8.94,0.55,Low
5.0,3,81.36,0.43,0.11,-8.59,0.09,Low
6.0,3,75.17,0.81,-0.19,-6.98,0.73,Low
10.0,1,73.61,0.26,-0.14,-8.0,0.6,Low
5.0,3,84.83,0.0,-0.55,0.45,0.66,Low
5.0,4,95.64,0.5,-0.09,-5.35,0.9,Low
7.0,2,79.85,0.1,0.91,-10.38,0.78,Low
7.0,1,92.99,0.75,0.7,-1.4,0.78,Low
7.0,4,76.09,0.28,-0.71,11.22,0.93,Low
6.0,1,64.1,0.44,-0.94,2.12,0.99,Medium
3.0,1,62.46,0.09,0.87,11.35,0.58,Low
8.0,3,62.05,0.29,0.05,-9.12,0.11,Medium
3.0,1,75.21,0.78,0.08,-9.99,0.46,Low
6.0,4,73.49,0.15,0.56,2.27,0.79,Low
3.0,3,88.72,0.65,-0.37,-1.1,0.03,Low
5.0,0,89.71,0.92,-0.04,4.81,0.06,Low
6.0,2,62.03,0.68,0.94,8.84,0.07,Low
6.0,3,68.84,0.81,0.34,7.54,0.73,Low
6.0,2,70.97,0.11,-0.69,13.27,0.5,Low
8.0,1,81.9,0.25,-0.73,-3.05,0.37,Low
6.0,4,65.78,0.89,-0.59,-8.81,0.11,High
5.0,1,65.36,0.72,0.53,1.53,0.73,Low
7.0,1,97.75,0.64,-0.41,-11.68,0.32,Medium
7.0,0,92.17,0.66,-0.96,-6.33,0.27,Medium
3.0,3,67.23,0.41,0.89,-8.76,0.65,Medium
6.0,0,76.26,0.04,-0.66,-3.1,0.56,Low
6.0,2,74.22,0.78,-0.98,-11.66,0.36,Medium
4.0,1,91.64,0.68,-0.53,-14.04,0.64,Medium
8.0,1,80.41,0.47,-0.53,4.7,0.27,Low
5.0,2,65.11,0.9,-0.16,3.31,0.79,Low
5.0,4,89.56,0.34,0.84,6.25,0.23,Low
5.0,4,75.88,0.29,0.76,4.81,0.16,Low
5.0,3,70.52,0.87,-0.09,-11.57,0.78,Low
3.0,4,75.02,0.8,-0.18,-6.27,0.71,Low
2.0,1,79.91,0.51,0.11,-11.11,0.18,Low
8.0,2,73.72,0.13,-0.51,10.29,0.12,Low
3.0,1,69.68,0.22,-0.9,7.41,0.84,Medium
3.0,1,75.94,0.66,0.88,-8.95,0.78,Low
1.0,4,60.77,0.39,-0.63,-4.76,0.33,High
4.0,2,90.9,0.84,-0.6,14.0,0.66,Low
2.0,0,66.84,0.95,-0.06,2.82,0.12,Low
8.0,3,61.76,0.81,-0.02,9.03,0.51,Low
7.0,1,86.15,0.38,-0.96,-7.06,0.02,Medium
4.0,2,90.96,0.79,-0.7,-8.7,0.39,Medium
10.0,2,92.55,0.35,-0.24,8.52,0.07,Low
7.0,0,79.74,0.17,0.37,5.58,0.48,Low
4.0,2,68.21,0.03,-0.54,5.43,0.42,Medium
0.0,5,89.49,0.39,-0.15,1.58,0.44,Medium
10.0,2,87.99,0.9,0.11,1.91,0.05,Low
2.0,3,69.85,0.24,0.78,7.07,0.36,Low
2.0,0,96.14,0.21,-0.35,-6.9,0.76,Medium
7.0,2,64.17,0.97,-0.73,-4.42,0.37,Medium
10.0,1,99.31,0.03,-0.02,11.15,0.72,Low
8.0,3,94.41,0.79,0.49,-5.73,0.37,Low
6.0,2,87.52,0.32,-0.78,1.39,0.42,Low
6.0,1,97.55,0.04,-0.15,6.08,0.56,Low
7.0,2,88.89,0.92,-0.96,15.0,0.95,Low
7.0,1,67.62,0.14,-0.93,-1.94,0.11,Medium
6.0,2,77.69,0.55,-0.03,-2.16,0.03,Low
5.0,5,62.86,0.27,-0.4,10.28,0.61,High
5.0,3,75.59,0.07,0.69,9.17,0.95,Low
3.0,4,89.66,0.05,0.2,6.93,0.99,Low
4.0,2,75.46,0.12,-0.09,-1.1,0.48,Low
2.0,2,73.21,0.07,-0.18,-5.28,0.47,Low
5.0,0,83.81,0.76,-0.01,3.26,0.64,Low
3.0,2,94.89,0.49,-0.92,11.29,0.56,Low
3.0,1,61.9,0.34,0.79,11.51,0.63,Low
5.0,1,75.42,0.42,1.0,-11.75,0.87,Low
8.0,2,66.33,0.93,-0.64,-2.15,0.75,Medium
7.0,3,87.81,0.91,-0.76,-1.06,0.5,Low
2.0,1,64.23,0.72,-0.71,14.33,0.46,Medium
3.0,2,86.59,0.88,0.32,5.34,0.64,Low
7.0,1,71.45,0.32,0.32,-2.78,0.46,Low
3.0,2,67.96,0.38,0.7,-14.22,0.46,Medium
5.0,1,97.45,0.61,0.5,1.96,0.02,Low
6.0,1,60.74,0.62,-0.1,-12.12,0.17,Medium
3.0,3,77.51,0.48,0.23,10.03,0.49,Low
5.0,3,60.87,0.4,0.38,7.58,0.82,Low
2.0,1,79.34,0.99,0.03,-1.18,0.28,Low
4.0,0,80.04,0.82,-0.05,-2.12,0.52,Low
6.0,3,72.87,0.43,0.29,11.92,0.34,Low
2.0,3,65.29,0.73,0.11,-6.35,0.1,Medium
6.0,3,75.06,0.27,0.29,-7.53,0.96,Low
5.0,0,86.89,0.1,0.23,13.18,0.85,Low
6.0,0,91.3,0.35,0.44,9.28,0.08,Low
5.0,0,81.23,0.4,0.29,9.62,0.72,Low
8.0,4,83.59,0.02,0.04,-9.14,0.35,Low
5.0,1,68.02,0.81,0.36,-10.7,0.99,Medium
4.0,3,71.49,0.36,-0.1,-14.22,0.3,Low
5.0,0,66.48,0.58,-0.52,-7.89,0.24,High
6.0,0,69.97,0.07,-1.0,8.23,0.57,Medium
5.0,4,69.0,0.17,0.12,-7.8,0.84,Medium
5.0,1,80.78,0.89,0.18,6.87,0.19,Low
4.0,2,82.51,0.61,0.94,-7.44,0.71,Low
4.0,4,97.8,0.95,-0.28,-3.14,0.06,Low
2.0,1,67.82,1.0,-0.21,14.49,0.92,Low
8.0,0,85.67,0.37,-0.6,-7.66,0.08,Medium
3.0,1,92.69,0.3,-0.86,-3.71,0.91,Low
4.0,2,82.41,0.86,0.55,-5.97,0.49,Low
4.0,1,70.2,1.0,-0.5,-11.71,0.45,Medium
7.0,1,70.5,0.63,0.22,-0.3,0.97,Low
4.0,1,61.57,0.8,0.38,-3.64,0.99,Low
7.0,3,72.22,0.78,-0.06,5.85,0.65,Low
4.0,1,89.78,0.36,0.75,9.53,0.13,Low
6.0,1,61.9,0.57,-0.11,1.33,0.51,Low
3.0,3,68.77,0.83,-0.43,-14.03,0.53,High
9.0,1,88.25,0.69,0.79,3.57,0.51,Low
3.0,2,91.31,0.02,0.72,-13.34,0.57,Low
6.0,0,78.21,0.34,-0.67,3.49,0.02,Low
6.0,1,87.92,0.14,-0.95,5.55,0.71,Low
6.0,3,75.52,0.23,-0.82,-9.07,0.71,Medium
5.0,1,66.4,0.91,-0.43,9.58,0.12,Medium
5.0,4,75.93,0.04,0.94,12.33,0.57,Low
5.0,2,83.2,0.22,0.12,9.39,0.57,Low
5.0,0,97.92,0.31,-0.25,-5.85,0.68,Low
7.0,4,62.75,0.62,0.78,2.6,0.09,Low
9.0,2,80.3,0.53,-0.09,12.44,0.63,Low
4.0,1,73.16,0.22,-0.37,-5.38,0.28,Medium
2.0,1,80.33,0.16,0.88,9.6,0.51,Low
5.0,2,60.96,0.24,0.7,-14.72,0.77,Medium
10.0,1,72.52,0.5,0.69,-14.89,0.71,Low
3.0,2,92.79,0.27,0.02,7.79,0.12,Low
8.0,2,82.16,0.95,0.58,7.84,0.59,Low
8.0,1,78.02,0.46,-0.64,8.67,0.97,Low
4.0,1,71.42,0.06,0.15,12.9,0.16,Low
6.0,5,71.92,0.73,0.97,-11.46,0.85,Medium
8.0,1,75.32,0.33,-0.42,-8.04,0.7,Medium
4.0,6,93.42,0.65,0.59,12.11,0.77,Low
5.0,4,98.69,0.28,-0.02,-9.68,0.28,Low
4.0,2,77.55,0.57,-0.92,5.47,0.29,Low
3.0,1,75.73,0.77,0.53,0.91,0.91,Low
4.0,1,93.86,0.93,-0.66,-12.5,0.36,Medium
3.0,3,77.08,0.26,0.26,-6.44,0.06,Low
5.0,2,82.08,0.33,-0.83,0.61,0.6,Low
3.0,1,69.24,0.46,0.89,10.57,0.12,Low
5.0,4,89.74,0.93,-0.42,6.23,0.8,Low
2.0,2,81.28,0.9,-0.55,3.66,0.64,Low
6.0,1,92.36,0.09,-0.74,-0.12,0.87,Low
7.0,3,91.23,0.13,0.89,-6.04,0.78,Low
1.0,2,68.6,0.5,0.42,-11.42,0.11,High
6.0,4,88.63,0.11,0.48,-2.73,0.38,Low
7.0,4,92.0,0.35,-0.0,-14.14,0.77,Low
3.0,1,73.84,0.15,-0.05,-8.67,0.42,Low
8.0,4,66.9,0.64,-0.78,-2.03,0.97,Medium
6.0,0,60.11,0.95,0.12,-2.44,0.74,Low
4.0,3,78.04,1.0,-0.51,-13.67,0.02,Medium
5.0,3,74.1,0.38,0.95,2.67,0.88,Low
6.0,2,82.2,0.6,0.59,1.49,0.1,Low
5.0,3,67.52,0.86,-0.17,-12.66,0.14,Medium
6.0,1,94.39,0.12,-0.7,13.29,0.73,Low
3.0,4,70.31,0.69,0.57,-12.02,0.86,Low
5.0,3,69.06,0.41,-0.76,10.65,0.54,Medium
2.0,0,79.23,0.21,-0.62,-14.99,0.29,Medium
5.0,2,79.95,0.4,-0.58,11.47,0.35,Low
3.0,1,68.6,0.08,0.11,-14.41,0.34,Medium
4.0,0,70.87,0.7,0.57,7.73,0.33,Low
7.0,3,66.79,0.25,-0.37,-4.15,0.24,Medium
7.0,1,88.74,0.31,-0.83,7.15,0.61,Low
6.0,1,90.8,0.12,-0.07,-2.95,0.9,Low
3.0,1,78.49,0.86,0.5,-12.87,0.31,Low
4.0,4,88.56,0.49,-0.56,8.03,0.19,Low
7.0,3,89.44,0.57,-0.56,-12.86,0.84,Medium
5.0,0,65.53,0.57,0.89,12.66,0.74,Low
10.0,1,98.65,0.41,0.91,-13.47,0.93,Low
6.0,4,92.84,0.19,0.98,-0.62,0.17,Low
5.0,2,68.18,0.75,0.62,6.69,0.14,Low
4.0,1,67.45,0.13,-0.62,-3.2,0.54,Medium
5.0,2,65.03,0.1,-0.58,-8.48,0.61,High
5.0,1,65.54,0.71,-0.32,7.77,0.48,Medium
6.0,3,89.93,0.21,-0.36,8.53,0.6,Low
7.0,3,78.79,0.31,0.91,12.68,0.18,Low
3.0,6,91.32,0.48,0.58,-3.72,0.48,Low
2.0,1,89.85,0.45,0.45,0.19,0.66,Low
1.0,3,84.18,0.71,-0.63,-4.11,0.43,Medium
6.0,1,87.45,0.62,0.82,-7.29,0.68,Low
3.0,4,60.73,0.64,0.66,7.53,0.45,Low
1.0,2,72.47,0.71,-0.67,-4.81,0.33,Medium
6.0,3,85.51,0.29,0.74,-2.16,0.3,Low
10.0,1,60.37,0.32,-0.46,-2.89,0.41,Medium
5.0,2,61.32,0.44,-0.84,6.38,0.02,Medium
7.0,2,94.08,0.31,0.31,12.53,0.67,Low
5.0,2,87.36,0.98,0.31,5.0,0.85,Low
5.0,1,70.61,0.81,-0.81,-0.85,0.35,Low
7.0,4,87.52,0.16,-0.36,8.38,0.05,Low
4.0,1,91.7,0.01,0.99,4.23,0.99,Low
6.0,1,72.27,0.04,0.36,-13.18,0.26,Low
6.0,2,61.44,0.24,0.46,-12.13,0.13,Medium
4.0,2,97.31,0.11,-0.57,-13.86,0.37,Medium
7.0,5,73.81,0.53,-0.84,-1.3,0.74,Medium
5.0,0,64.26,0.86,-0.45,9.78,0.29,Medium
3.0,0,79.67,0.74,-0.5,-5.61,0.57,Medium
6.0,2,90.74,0.22,-0.53,-3.48,0.42,Low
3.0,1,68.87,0.4,-0.61,12.28,0.12,Medium
5.0,4,70.78,0.51,0.15,10.11,0.33,Low
5.0,4,69.71,0.81,-0.34,4.95,0.72,Medium
7.0,2,99.67,0.84,0.64,-7.0,0.61,Low
6.0,1,67.9,0.91,-0.63,-11.49,0.12,High
5.0,1,83.02,0.51,-0.07,-14.52,0.16,Low
7.0,4,97.01,0.69,-0.97,-11.79,0.64,Medium
8.0,1,65.88,0.11,-0.04,-6.22,0.81,Medium
6.0,8,98.83,0.57,-0.89,1.55,0.35,Medium
5.0,0,97.9,0.25,0.96,-13.08,0.6,Low
2.0,1,95.38,0.43,0.58,-10.91,0.17,Low
3.0,3,68.58,0.63,-0.02,-9.57,0.31,Medium
4.0,1,85.36,0.26,-0.83,3.96,0.02,Low
4.0,3,90.44,0.05,0.18,3.47,0.77,Low
5.0,2,99.44,0.01,0.52,1.52,0.4,Low
5.0,2,67.22,0.02,-0.62,-7.48,0.82,High
6.0,1,90.64,0.01,0.14,-3.87,0.71,Low
5.0,2,73.55,0.11,0.63,-12.1,0.83,Low
6.0,0,67.03,0.24,0.54,-8.21,0.29,Medium
5.0,1,76.86,0.22,0.61,11.93,0.19,Low
1.0,0,91.75,0.99,0.76,14.39,0.97,Low
3.0,5,78.59,0.31,0.88,4.43,0.72,Low
5.0,4,81.5,0.13,-0.19,12.5,0.83,Low
3.0,3,99.81,0.55,0.14,4.28,0.01,Low
6.0,1,75.96,0.86,0.58,-14.0,0.35,Low
8.0,2,84.62,0.68,0.39,14.9,0.74,Low
7.0,1,74.61,0.3,0.99,-12.03,0.08,Low
5.0,4,75.71,0.56,-0.97,5.48,0.57,Low
8.0,1,87.83,0.71,-0.29,-7.41,0.43,Low
5.0,0,97.52,0.73,-0.44,-3.24,0.02,Low
4.0,3,81.69,0.67,-0.48,4.38,0.24,Low
4.0,1,90.74,0.87,-0.55,-1.91,0.28,Low
4.0,3,63.57,0.87,0.42,-7.48,0.11,Medium
4.0,0,68.45,0.58,-0.83,-4.97,0.63,Medium
5.0,2,80.09,0.43,0.48,-4.75,0.24,Low
5.0,2,60.8,0.64,0.39,13.78,0.28,Low
5.0,1,70.11,0.82,-0.5,8.96,0.9,Low
6.0,3,80.7,0.01,-0.49,-1.24,0.47,Low
7.0,3,60.6,0.99,0.26,-9.01,0.39,Medium
7.0,1,70.58,0.18,0.52,9.33,0.72,Low
2.0,1,80.56,0.47,0.75,-10.28,0.91,Low
0.0,3,82.93,0.87,0.7,-8.69,0.03,Medium
7.0,1,97.03,0.23,0.93,-4.02,0.45,Low
2.0,0,85.81,0.48,0.16,11.41,0.61,Low
5.0,1,76.59,0.13,0.82,-11.05,0.32,Low
3.0,3,97.21,0.4,0.62,-11.33,0.77,Low
1.0,4,91.4,0.18,0.79,-0.18,0.97,Low
6.0,2,68.0,0.36,-0.98,-6.71,0.94,High
7.0,0,65.23,0.37,0.93,2.06,0.27,Low
4.0,2,87.03,0.99,-0.05,-1.45,0.23,Low
0.0,1,82.4,0.99,0.6,-1.95,0.96,Low
4.0,3,91.59,0.11,-0.75,-11.64,0.46,Medium
6.0,2,89.55,0.73,-0.21,-10.77,0.21,Low
2.0,2,85.01,0.05,-0.46,9.63,0.71,Low
5.0,2,99.46,0.03,-0.42,11.58,0.28,Low
5.0,0,81.34,0.11,-0.75,-7.96,0.27,Medium
6.0,3,64.52,0.97,0.61,-11.6,0.88,Medium
5.0,2,93.13,0.94,-0.98,-13.4,0.16,Medium
3.0,0,70.07,0.19,-0.37,3.25,0.06,Low
7.0,2,91.09,0.16,-0.65,6.46,0.27,Low
5.0,2,98.28,0.24,0.18,-3.82,0.61,Low
5.0,2,87.87,0.52,-0.49,5.39,0.12,Low
3.0,2,83.84,0.57,-0.48,6.39,0.47,Low
4.0,3,78.42,0.22,-0.02,13.06,0.63,Low
3.0,1,74.58,0.76,0.31,-13.05,0.85,Low
5.0,2,74.12,0.31,-0.76,-9.23,0.23,Medium
8.0,2,85.45,0.92,-0.65,-12.94,0.82,Medium
2.0,3,90.05,0.66,-0.51,11.04,0.23,Low
2.0,2,87.14,0.44,0.95,8.78,0.68,Low
8.0,4,67.94,0.79,-0.21,2.24,0.43,Low
5.0,2,79.76,0.82,0.2,-12.49,0.11,Low
4.0,1,91.67,0.29,-0.52,-6.8,0.71,Medium
7.0,1,79.03,0.34,-0.02,-6.07,0.22,Low
4.0,0,81.46,0.94,-0.85,1.82,0.18,Low
9.0,2,90.85,0.16,-0.93,-7.26,0.36,Medium
6.0,4,86.45,0.04,-0.06,-12.81,0.65,Low
4.0,1,76.37,0.45,-0.2,6.92,0.23,Low
9.0,0,95.82,0.8,-0.73,-6.03,0.18,Medium
4.0,2,66.5,0.77,0.38,-1.43,0.01,Low
6.0,0,99.82,0.92,0.99,-11.17,0.47,Low
6.0,0,64.75,0.53,-0.21,9.08,0.43,Low
8.0,3,60.6,0.1,0.25,1.97,0.23,Low
8.0,2,95.6,0.59,0.93,12.05,0.05,Low
5.0,3,69.8,0.78,0.66,-0.14,0.43,Low
3.0,1,89.19,0.09,-0.07,13.24,0.79,Low
6.0,1,92.44,0.17,0.47,11.76,0.72,Low
4.0,2,94.36,0.01,-0.74,2.29,0.86,Low
9.0,4,99.66,0.59,0.02,13.02,0.01,Low
5.0,3,71.76,0.89,-0.44,-5.31,0.97,Medium
4.0,1,88.41,0.67,-0.68,-4.03,0.34,Low
5.0,4,64.62,0.98,-0.15,-13.64,0.99,Medium
2.0,1,76.27,0.06,-0.74,2.68,0.25,Low
3.0,3,93.92,0.9,0.4,6.66,0.47,Low
7.0,1,74.71,0.81,-0.09,8.21,0.35,Low
4.0,1,83.64,0.31,0.06,-10.51,0.36,Low
3.0,2,80.15,0.97,-0.71,-1.68,0.84,Low
6.0,3,85.84,0.29,-0.72,-9.69,0.75,Medium
7.0,1,98.92,0.89,0.17,4.86,0.99,Low
6.0,3,62.23,0.88,0.97,-10.26,0.61,Medium
7.0,2,82.96,0.76,-0.81,12.12,0.46,Low
3.0,2,94.52,0.56,-0.43,-8.08,0.09,Medium
2.0,2,79.26,0.12,0.74,-6.26,1.0,Low
8.0,0,63.14,0.53,-0.86,10.53,0.55,Medium
4.0,5,82.42,0.36,0.75,-1.25,0.7,Low
4.0,2,73.28,0.79,0.05,-14.28,0.41,Low
8.0,2,66.2,0.76,-0.18,-0.16,0.55,Low
6.0,0,93.96,0.91,-0.38,-12.46,0.94,Medium
6.0,4,80.86,0.01,-0.41,14.56,0.17,Low
9.0,1,97.33,0.81,-0.39,2.64,0.29,Low
4.0,1,92.24,0.94,0.77,-7.3,0.15,Low
7.0,5,87.72,0.79,0.45,1.91,0.79,Low
5.0,0,60.2,0.13,0.34,-12.69,0.06,Medium
6.0,2,77.11,0.08,0.6,9.0,0.08,Low
8.0,1,67.9,0.02,-0.49,12.76,0.3,Medium
6.0,3,96.43,0.63,0.24,11.23,0.51,Low
6.0,2,66.98,0.63,-0.08,-4.75,0.41,Low
7.0,5,71.44,0.99,0.56,-5.23,0.04,Medium
4.0,3,80.67,0.4,-0.38,-13.95,0.96,Medium
3.0,2,70.53,0.33,0.29,4.54,0.95,Low
3.0,2,68.39,0.62,0.76,1.05,0.28,Low
1.0,1,83.96,0.83,-0.2,-1.22,0.73,Low
9.0,0,63.56,0.94,-0.87,12.23,0.58,Medium
3.0,1,62.33,0.8,0.03,-9.96,0.24,Medium
5.0,3,74.89,0.43,-0.31,-14.71,0.26,Medium
4.0,1,88.83,0.63,0.34,-12.8,0.49,Low
6.0,1,82.19,0.86,0.9,-8.3,0.42,Low
7.0,0,76.92,0.49,-0.03,-14.0,0.29,Low
7.0,2,82.63,0.22,-0.07,0.09,0.81,Low
4.0,3,74.62,0.17,0.31,-5.58,0.48,Low
5.0,4,97.45,0.0,-0.79,-9.59,0.65,Medium
6.0,2,62.2,0.72,-0.49,7.5,0.19,Medium
5.0,3,86.94,0.11,0.84,-8.87,0.53,Low
8.0,3,95.65,0.24,0.34,5.63,0.32,Low
6.0,2,92.16,0.3,-0.97,-4.52,0.53,Low
6.0,3,67.36,0.56,-0.59,0.35,0.78,Medium
6.0,0,71.84,0.4,0.37,13.02,0.77,Low
7.0,2,88.68,0.67,0.53,-13.88,0.35,Low
5.0,2,63.37,0.06,0.68,0.01,0.69,Low
2.0,4,92.47,0.12,-0.42,10.63,0.94,Low
6.0,2,88.76,0.5,0.86,2.64,0.63,Low
4.0,2,89.18,0.34,0.11,-6.69,0.15,Low
4.0,2,64.01,0.3,0.39,-3.07,0.68,Low
6.0,2,88.71,0.07,0.19,5.41,0.1,Low
7.0,1,87.19,0.9,-0.75,11.72,0.87,Low
5.0,2,93.24,0.69,0.93,-13.77,0.52,Low
6.0,3,61.66,0.12,-0.75,-12.85,0.39,High
8.0,1,60.92,0.07,-0.49,-5.25,0.06,High
5.0,3,74.92,0.97,0.63,-8.02,0.38,Low
10.0,3,65.95,0.68,0.24,-7.05,0.9,Medium
6.0,1,82.34,0.42,0.68,-8.36,0.02,Low
1.0,1,96.69,0.7,0.03,-9.13,0.47,Medium
7.0,4,75.66,0.76,-0.25,-11.08,0.93,Low
6.0,2,93.8,0.78,0.84,13.02,0.39,Low
8.0,1,60.01,0.48,-0.93,-10.67,0.43,High
6.0,1,66.74,0.43,0.71,-8.87,0.58,Medium
5.0,0,61.22,0.01,-0.54,-7.61,0.46,High
3.0,2,73.13,0.93,0.7,12.99,0.17,Low
5.0,3,96.33,0.6,-0.72,7.67,0.02,Low
3.0,2,63.88,0.2,0.16,8.69,0.61,Low
4.0,1,84.26,0.92,0.78,-11.86,0.92,Low
6.0,1,78.06,0.91,-0.05,10.09,0.11,Low
8.0,4,97.54,0.99,0.49,-2.75,0.21,Low
6.0,1,64.9,0.87,0.61,-7.12,0.37,Medium
3.0,1,68.48,1.0,0.47,2.27,0.81,Low
6.0,3,61.18,0.24,0.85,9.67,0.27,Low
7.0,1,77.36,0.84,-0.11,8.36,0.88,Low
4.0,1,71.11,0.82,-0.65,11.7,0.05,Low
5.0,3,94.8,0.23,-0.9,12.84,0.94,Low
5.0,2,84.2,0.1,-0.51,-7.86,0.56,Medium
3.0,2,84.56,0.98,-0.71,-2.28,0.66,Low
6.0,2,81.28,0.3,0.12,-14.56,0.37,Low
5.0,2,63.67,0.87,-0.63,11.38,0.78,Medium
6.0,3,77.8,0.0,-0.92,-10.36,0.17,Medium
3.0,3,99.98,0.02,-0.93,10.84,0.05,Low
4.0,5,93.41,0.47,0.66,-5.12,0.4,Medium
6.0,1,95.74,0.24,0.18,-3.96,0.85,Low
4.0,3,92.93,0.69,-0.28,-13.83,0.75,Low
8.0,1,64.12,0.57,0.79,-5.19,0.52,Medium
4.0,0,69.1,0.08,-0.86,11.65,0.57,Medium
5.0,2,60.12,0.16,0.96,-14.23,0.13,Medium
7.0,3,72.14,0.39,0.23,-2.81,0.84,Low
2.0,1,64.34,0.19,-0.63,-14.06,0.79,High
1.0,4,78.91,0.79,0.36,-3.87,0.66,Low
2.0,1,87.09,0.42,0.53,-9.82,0.47,Low
8.0,0,94.98,0.09,-0.14,-7.43,0.96,Low
4.0,2,89.97,0.48,0.72,11.33,0.88,Low
10.0,0,97.54,0.09,-0.7,-1.92,0.64,Low
4.0,4,62.16,0.13,-0.44,-6.79,0.37,High
5.0,1,60.49,0.24,-0.81,2.68,0.62,Medium
8.0,2,86.45,0.86,-0.58,-10.74,0.58,Medium
9.0,1,71.57,0.92,-0.52,-7.22,0.39,Medium
9.0,1,70.14,0.83,0.84,1.39,0.31,Low
7.0,1,73.24,0.33,-0.84,-7.87,0.41,Medium
7.0,2,70.79,0.27,-0.15,5.37,0.57,Low
6.0,1,80.46,0.55,0.06,-0.26,0.43,Low
7.0,2,77.61,0.72,0.8,8.16,0.26,Low
4.0,3,80.5,0.99,1.0,13.45,0.76,Low
3.0,4,86.91,0.13,0.51,-11.53,0.53,Low
5.0,2,75.49,0.05,0.94,-4.96,0.07,Low
5.0,2,70.05,0.69,0.57,-5.41,0.37,Low
4.0,3,66.65,0.83,0.93,-10.46,0.88,Medium
6.0,3,73.98,0.85,0.41,9.31,0.76,Low
7.0,2,89.67,0.68,-0.84,7.8,0.32,Low
5.0,3,90.27,0.95,-0.2,-0.47,0.94,Low
8.0,1,86.68,0.51,0.29,1.13,0.08,Low
3.0,4,69.36,0.91,-0.3,-13.21,0.96,Medium
5.0,0,83.52,0.97,-0.45,1.67,0.25,Low
4.0,5,82.83,0.85,0.15,8.74,0.01,Low
1.0,2,79.37,0.31,0.87,2.21,0.43,Low
5.0,1,82.0,0.2,-0.93,-7.04,0.36,Medium
5.0,1,79.67,0.55,0.54,5.03,0.54,Low
8.0,1,82.62,0.45,0.45,-4.16,0.8,Low
6.0,2,88.62,0.88,0.93,1.35,0.84,Low
3.0,1,64.39,0.1,0.86,-0.37,0.4,Low
9.0,4,89.99,0.26,0.52,-3.56,0.43,Low
7.0,3,65.44,0.75,0.04,6.57,0.15,Low
6.0,0,62.67,0.09,-0.59,11.52,0.05,Medium
5.0,2,99.04,0.32,0.09,-14.84,0.64,Low
3.0,0,98.28,0.39,0.53,13.01,0.06,Low
4.0,0,62.42,0.62,0.79,0.35,0.73,Low
7.0,2,77.73,0.16,0.58,6.02,0.54,Low
9.0,3,67.45,0.86,-0.61,10.67,0.2,Medium
8.0,2,79.41,0.45,0.2,-0.99,0.54,Low
4.0,2,93.21,0.92,-0.34,10.05,0.18,Low
3.0,1,98.02,0.47,-0.98,-9.67,0.44,Medium
5.0,0,85.37,0.28,-0.6,-10.22,0.8,Medium
1.0,2,74.16,0.14,-0.77,4.72,0.46,Medium
6.0,3,84.13,0.0,0.69,11.1,0.15,Low
5.0,3,72.48,0.53,-0.48,11.77,0.72,Low
4.0,3,96.39,0.11,-0.43,4.31,0.19,Low
2.0,3,94.82,0.39,0.92,0.76,0.74,Low
6.0,0,82.33,0.59,-0.24,-5.06,0.48,Low
4.0,1,72.99,0.28,-0.98,14.4,0.45,Low
3.0,2,71.74,0.18,-0.43,-5.41,0.85,Medium
0.0,1,61.34,0.77,-0.76,7.33,0.71,High
5.0,4,92.63,0.95,-0.79,0.96,0.03,Low
9.0,0,78.02,0.1,-0.85,3.26,0.3,Low
8.0,1,73.01,0.16,0.19,-3.2,0.87,Low
4.0,4,78.84,0.96,-0.62,13.94,0.02,Low
4.0,1,92.75,0.04,-0.28,2.15,0.55,Low
6.0,2,64.98,0.98,0.72,13.13,0.73,Low
3.0,4,94.31,0.0,-0.15,-14.77,0.62,Low
6.0,2,95.9,0.87,0.83,2.18,0.76,Low
7.0,3,97.87,0.31,-0.0,6.52,0.73,Low
7.0,1,75.9,0.94,-0.2,7.35,0.69,Low
5.0,2,68.69,0.32,0.5,12.15,0.82,Low
5.0,1,74.95,0.65,-0.85,-14.87,0.65,Medium
3.0,3,73.32,0.08,-0.82,-14.99,0.4,Medium
3.0,3,67.05,0.24,0.3,-0.83,0.47,Low
5.0,1,84.29,0.77,-0.03,-14.12,0.72,Low
6.0,3,79.06,0.53,0.58,14.24,0.88,Low
7.0,3,94.63,0.93,0.83,-8.34,0.27,Low
3.0,3,61.28,0.43,-0.22,-0.82,0.34,Low
8.0,2,85.75,0.87,0.19,-13.17,0.93,Low
4.0,0,90.52,0.45,0.0,0.66,0.58,Low
5.0,4,90.38,0.98,0.96,-3.6,0.18,Low
4.0,1,95.44,0.96,0.66,-13.66,0.66,Low
0.0,2,89.16,0.33,0.82,-4.95,0.99,Low
7.0,2,97.11,0.89,-0.49,-3.26,0.82,Low
6.0,1,73.31,0.85,0.55,14.7,0.75,Low
4.0,2,80.13,0.21,-0.47,-8.76,0.21,Medium
5.0,6,60.56,0.62,-0.58,1.34,0.88,High
6.0,0,60.28,0.07,0.89,14.62,0.53,Low
2.0,4,69.61,0.84,-0.96,8.76,0.89,Medium
4.0,2,64.03,0.17,0.93,14.8,0.33,Low
7.0,1,70.41,0.07,-0.7,14.05,0.06,Low
2.0,2,67.08,0.4,0.64,-0.31,0.48,Low
6.0,4,61.14,0.58,-0.45,5.89,0.27,Medium
2.0,1,96.37,0.85,-0.3,-11.69,0.72,Low
6.0,2,60.33,0.97,-0.57,-1.77,0.96,Medium
5.0,2,89.44,0.44,0.17,9.27,0.69,Low
2.0,5,66.09,0.06,-0.3,0.16,0.89,Medium
7.0,1,96.49,0.75,0.31,6.08,0.45,Low
4.0,0,95.71,0.57,-0.97,7.37,0.77,Low
3.0,2,86.16,0.45,-0.87,-7.4,0.84,Medium
5.0,1,86.89,0.31,-0.8,11.27,0.71,Low
7.0,0,60.21,0.5,-0.16,-1.21,0.51,Low
3.0,1,99.39,0.34,0.63,-8.69,0.63,Low
5.0,1,95.11,0.76,0.78,10.96,0.7,Low
6.0,2,95.8,0.54,-0.51,-2.47,0.25,Low
6.0,2,86.37,0.88,0.15,7.51,0.81,Low
5.0,2,73.79,0.54,0.54,1.44,0.95,Low
4.0,0,95.75,0.24,-0.42,-3.54,0.47,Low
3.0,3,71.66,0.85,-0.18,9.3,0.7,Low
5.0,1,82.51,0.56,0.05,2.53,0.74,Low
3.0,1,63.99,0.21,-0.73,-3.28,0.66,Medium
0.0,3,96.88,0.62,-0.95,-11.71,0.55,High
6.0,1,65.63,0.36,-0.69,11.86,0.88,Medium
7.0,0,69.0,0.84,0.25,-13.94,0.45,Medium
0.0,1,82.33,0.45,-0.85,10.9,0.06,Medium
3.0,2,90.56,0.73,-0.62,-4.2,0.84,Low
6.0,2,84.77,0.1,-0.32,4.18,0.67,Low
9.0,1,69.29,0.4,-0.84,12.67,0.85,Medium
5.0,1,60.04,0.98,-0.62,-10.45,0.14,High
4.0,4,90.29,0.81,0.82,2.01,0.03,Low
5.0,3,99.41,0.16,-0.96,7.93,0.93,Low
8.0,0,92.4,0.28,0.31,7.73,0.15,Low
4.0,1,78.41,0.33,-0.23,0.77,0.81,Low
3.0,3,96.15,0.65,0.35,3.74,0.82,Low
4.0,3,76.39,0.76,0.18,7.73,0.71,Low
3.0,1,81.0,0.75,-0.55,10.23,0.13,Low
5.0,2,79.09,0.51,0.69,7.85,0.67,Low
8.0,3,77.9,0.81,-0.02,-4.38,0.89,Low
6.0,1,91.01,0.44,0.65,14.9,0.43,Low
4.0,0,81.07,0.12,-0.19,-1.96,0.41,Low
4.0,2,72.67,0.56,0.97,-14.27,0.44,Low
2.0,3,70.33,0.95,0.54,-4.12,0.08,Low
7.0,2,61.51,0.79,0.93,-11.17,0.89,Medium
5.0,3,83.33,0.58,0.03,-11.36,0.87,Low
5.0,0,69.2,0.65,-0.05,-6.55,1.0,Medium
11.0,2,65.93,0.93,0.51,-13.4,0.59,Medium
6.0,4,86.15,0.43,0.76,5.66,0.75,Low
3.0,4,87.25,0.33,0.93,-12.78,0.2,Low
4.0,2,90.09,0.98,-0.35,-8.9,0.67,Medium
7.0,2,80.14,0.86,0.6,-12.21,0.65,Low
5.0,1,95.76,0.32,-0.58,-13.1,0.9,Medium
2.0,1,97.45,0.46,0.09,-6.97,0.83,Low
7.0,0,92.29,0.42,-0.64,2.16,0.94,Low
4.0,2,85.42,0.15,-0.31,13.94,0.87,Low
9.0,0,72.15,0.96,0.86,11.27,0.87,Low
7.0,1,99.32,0.4,-0.71,11.28,0.06,Low
4.0,3,70.97,0.88,0.26,-9.72,0.85,Low
8.0,0,68.11,0.19,0.19,-7.05,0.61,Medium
5.0,2,77.69,0.55,-0.76,-12.71,0.38,Medium
7.0,1,62.27,0.02,-0.35,8.35,0.06,Medium
6.0,2,99.14,0.76,0.13,-12.91,0.68,Low
3.0,0,83.54,0.58,-0.63,1.7,0.33,Low
4.0,2,82.28,0.63,0.6,-7.56,0.47,Low
7.0,1,86.23,0.05,0.94,-7.7,0.68,Low
4.0,3,79.88,0.21,-0.57,14.72,0.91,Low
4.0,3,61.28,0.07,-0.63,7.7,0.83,Medium
3.0,2,84.49,0.29,-0.09,10.11,0.45,Low
6.0,2,88.65,0.63,0.5,2.16,0.39,Low
9.0,2,76.67,0.57,-0.44,11.13,0.24,Low
3.0,0,90.29,0.61,-0.96,4.36,0.37,Low
5.0,2,69.08,0.55,0.08,13.39,0.11,Low
8.0,2,68.85,0.27,0.91,-6.56,0.97,Medium
5.0,1,66.46,0.24,-0.22,2.86,0.57,Low
6.0,3,74.88,0.14,-0.16,5.7,0.13,Low
3.0,1,93.88,0.85,0.94,-3.21,0.35,Low
6.0,1,93.12,0.62,0.39,11.39,0.55,Low
5.0,2,75.31,0.19,0.44,14.39,0.53,Low
7.0,1,83.56,0.18,0.13,-0.19,0.04,Low
7.0,1,88.83,0.87,0.95,-3.28,0.95,Low
10.0,0,69.65,0.74,0.38,-0.84,0.28,Low
6.0,3,66.73,0.66,0.79,10.58,0.02,Low
6.0,2,98.88,0.41,0.4,4.36,0.08,Low
5.0,2,84.7,0.26,0.47,-13.66,0.58,Low
4.0,4,99.26,0.98,-0.42,1.27,0.14,Low
6.0,1,73.51,0.8,-0.39,-14.48,0.04,Medium
4.0,3,88.12,0.3,0.57,8.36,0.38,Low
5.0,2,68.9,0.85,-0.41,-5.15,0.62,High
8.0,2,70.45,0.76,0.13,-0.84,0.11,Low
3.0,1,80.48,0.3,-0.5,8.96,0.31,Low
7.0,3,72.78,0.43,0.63,-13.61,0.42,Low
8.0,1,66.7,0.19,-0.78,-10.24,0.16,High
5.0,2,70.52,0.11,0.66,-3.06,0.51,Low
1.0,1,61.43,0.72,0.21,-8.1,0.09,High
4.0,3,88.18,0.27,-0.63,-4.86,0.05,Low
8.0,3,79.68,0.82,0.08,14.95,0.52,Low
5.0,1,63.77,1.0,-0.44,9.76,0.25,Medium
3.0,2,66.87,0.08,-0.35,11.52,0.1,Medium
4.0,0,64.1,0.47,-0.3,13.11,0.42,Low
7.0,2,84.5,0.8,-0.87,-4.77,0.92,Low
6.0,2,63.77,0.79,0.97,-6.09,0.72,Medium
5.0,0,90.17,0.76,-0.94,-7.98,0.82,Medium
4.0,3,60.82,0.35,0.32,9.9,0.87,Low
4.0,4,69.98,0.45,-0.26,5.39,0.97,Low
3.0,0,95.63,0.59,0.29,-7.91,0.76,Low
8.0,3,88.74,0.97,-0.29,-3.69,0.61,Low
4.0,1,62.92,0.33,0.35,0.2,0.37,Low
7.0,2,92.85,0.92,0.46,0.84,0.18,Low
8.0,3,79.72,0.27,0.38,11.66,0.69,Low
7.0,2,93.87,0.99,-0.77,-3.58,0.99,Low
4.0,0,84.03,0.67,0.31,12.26,0.47,Low
6.0,0,87.27,0.46,-0.44,-1.76,0.72,Low
5.0,1,99.74,0.61,-0.94,7.39,0.5,Low
3.0,4,69.29,0.27,-0.17,12.91,0.43,Low
6.0,1,84.96,0.27,-0.13,12.23,0.41,Low
3.0,0,78.41,0.11,-0.07,-13.29,0.5,Low
7.0,2,61.58,0.11,0.41,-8.83,0.37,Medium
4.0,0,60.58,0.35,-0.38,-0.69,0.75,Medium
5.0,3,64.77,0.76,-0.37,-2.05,0.87,Medium
6.0,3,85.96,0.61,-0.88,4.23,0.88,Low
4.0,2,82.69,0.1,0.37,13.34,0.23,Low
6.0,4,82.14,0.85,0.14,-11.63,0.9,Low
4.0,0,61.27,0.6,-0.3,-1.44,0.34,Low
7.0,4,78.77,0.96,0.41,-9.23,0.31,Low
2.0,1,96.98,0.67,0.07,11.82,0.73,Low
5.0,2,75.9,0.18,-0.06,13.94,0.3,Low
9.0,1,85.0,0.47,0.02,-0.64,0.05,Low
3.0,1,91.19,0.65,0.27,-11.88,0.37,Low
4.0,4,91.36,0.03,0.32,8.56,0.72,Low
6.0,0,80.77,0.01,-0.42,5.91,0.33,Low
5.0,0,94.32,0.13,-0.72,-4.36,0.63,Low
6.0,3,75.66,0.25,-0.69,11.62,0.66,Low
6.0,1,95.55,0.43,0.28,14.27,0.73,Low
6.0,2,69.61,0.49,0.75,1.74,0.9,Low
7.0,1,71.21,0.14,-0.18,1.97,0.43,Low
6.0,2,62.12,0.67,-0.66,-6.07,0.17,High
5.0,3,91.82,0.6,0.51,2.54,0.32,Low
6.0,3,76.68,0.29,0.66,-1.81,0.43,Low
9.0,1,69.16,0.01,0.76,-5.93,0.71,Medium
5.0,1,69.27,0.08,0.21,-12.98,0.01,Medium
3.0,1,96.06,0.39,0.72,-7.42,0.32,Low
7.0,2,93.36,0.15,-0.97,-9.06,0.78,Medium
5.0,2,82.14,0.38,-0.79,1.26,0.67,Low
1.0,4,84.64,0.63,-0.81,3.05,0.73,Medium
7.0,4,78.97,0.55,0.43,3.26,0.81,Low
4.0,4,75.67,0.23,-0.86,-3.35,0.78,Low
5.0,2,96.62,0.34,-0.01,-2.36,0.68,Low
6.0,2,65.02,0.61,-0.05,10.03,0.44,Low
5.0,0,76.74,0.86,-0.38,-0.71,0.98,Low
6.0,2,73.78,0.75,0.74,14.63,0.57,Low
4.0,1,79.93,0.55,-0.66,-1.81,0.2,Low
6.0,2,78.31,0.36,-0.3,4.49,0.29,Low
4.0,2,80.76,0.37,0.55,-13.49,0.69,Low
6.0,1,65.6,0.88,-0.94,4.6,0.92,Medium
6.0,5,80.53,0.04,0.35,10.54,0.18,Low
3.0,1,69.7,0.99,0.63,13.27,0.08,Low
7.0,3,67.37,0.66,0.86,14.92,0.88,Low
4.0,2,62.59,0.68,0.75,-6.53,0.92,Medium
7.0,3,90.51,0.04,-0.36,2.26,0.28,Low
6.0,4,77.1,0.61,0.17,-1.48,0.38,Low
9.0,1,85.07,0.48,-0.85,1.91,0.66,Low
5.0,0,89.1,0.11,-0.48,-10.28,0.33,Medium
4.0,4,87.17,0.28,-0.81,10.68,0.88,Low
5.0,3,78.82,0.89,-0.37,12.29,0.11,Low
4.0,1,75.52,0.55,0.75,-1.51,0.04,Low
7.0,2,75.04,0.41,-0.31,-6.59,0.21,Medium
2.0,4,85.6,0.07,0.12,-10.77,0.29,Low
3.0,3,79.79,0.71,-0.13,5.51,0.11,Low
3.0,1,93.97,0.7,-0.08,-5.63,0.07,Low
7.0,0,94.99,0.61,0.94,12.29,0.76,Low
8.0,4,66.82,0.51,-0.41,5.13,0.16,Medium
5.0,1,65.45,0.43,0.25,4.37,0.91,Low
5.0,1,85.22,0.59,-0.16,1.78,0.37,Low
5.0,3,72.05,0.23,-0.88,-13.63,0.67,Medium
7.0,3,60.74,0.94,-0.02,12.96,0.23,Low
3.0,2,95.55,0.59,0.63,3.84,0.24,Low
5.0,0,69.08,0.31,-0.8,14.82,0.57,Medium
7.0,3,97.17,0.45,-0.86,1.12,0.56,Low
6.0,1,88.7,0.81,-0.69,6.3,0.77,Low
5.0,1,90.51,0.16,0.53,-13.31,0.76,Low
7.0,2,68.06,0.29,0.45,3.95,0.67,Low
0.0,1,69.37,0.68,0.13,7.94,0.45,Medium
6.0,1,80.85,0.32,-0.06,8.36,0.89,Low
4.0,2,66.88,0.79,0.78,8.1,0.62,Low
1.0,1,72.22,0.13,0.53,-8.21,0.99,Medium
6.0,3,72.86,0.76,0.62,14.26,0.82,Low
8.0,1,66.39,0.07,0.63,14.86,0.04,Low
5.0,1,68.21,0.01,0.29,-12.73,0.32,Medium
7.0,4,91.54,0.9,-0.08,13.09,0.57,Low
8.0,1,66.69,0.58,0.73,-6.32,0.72,Medium
8.0,3,61.14,0.35,0.85,5.68,0.55,Low
8.0,1,85.17,0.23,-0.95,-4.86,0.79,Low
6.0,0,99.04,0.62,-0.9,14.03,0.28,Low
5.0,3,73.25,0.51,0.92,-11.95,0.18,Low
2.0,1,64.75,0.99,-0.45,-0.07,0.05,Medium
5.0,0,82.82,0.98,0.75,-2.16,0.57,Low
3.0,3,96.25,0.64,-0.22,-5.22,0.69,Low
9.0,1,91.36,0.44,-0.76,4.37,0.33,Low
5.0,1,84.9,0.49,-0.84,-11.07,0.61,Medium
5.0,4,72.6,0.68,-0.69,6.5,0.05,Low
6.0,2,81.68,0.1,-0.5,14.42,0.1,Low
5.0,3,63.65,0.33,-0.02,9.14,0.7,Low
8.0,2,87.16,0.08,0.4,10.8,0.37,Low
4.0,1,89.0,0.07,0.97,-4.21,0.67,Low
5.0,0,98.6,0.2,-0.12,-5.25,0.83,Low
4.0,2,70.42,0.49,0.04,0.51,0.85,Low
2.0,0,60.74,0.78,0.04,-13.63,0.17,Medium
4.0,3,81.82,0.49,0.08,13.36,0.49,Low
5.0,1,88.27,0.34,0.04,-10.69,0.73,Low
4.0,0,91.62,0.08,-0.98,12.09,0.77,Low
4.0,1,67.75,0.55,-1.0,-12.49,0.78,High
2.0,1,70.47,0.27,-0.8,9.68,0.23,Low
5.0,4,80.5,0.61,-0.8,-10.44,0.19,Medium
2.0,3,73.22,0.98,0.41,-13.86,0.59,Low
7.0,3,94.42,0.11,-0.59,6.58,0.74,Low
5.0,1,78.95,0.21,0.79,-6.59,0.32,Low
2.0,2,91.98,0.47,0.86,6.43,0.1,Low
4.0,3,83.22,0.97,0.95,1.65,0.72,Low
3.0,3,90.92,0.77,0.88,-11.74,0.3,Low
6.0,4,73.31,0.9,-0.46,12.96,0.17,Low
8.0,0,93.26,0.33,0.02,-1.43,0.15,Low
1.0,0,70.98,0.99,-0.65,7.03,0.31,Medium
5.0,3,81.84,0.1,0.61,0.03,0.59,Low
5.0,2,68.56,0.05,0.78,3.13,0.36,Low
6.0,1,79.02,0.86,0.7,-5.92,0.02,Low
5.0,1,72.73,0.93,-0.13,-8.99,0.1,Low
3.0,1,70.67,0.09,0.52,1.28,0.29,Low
4.0,3,98.68,0.11,-0.8,-1.79,0.66,Low
3.0,1,66.4,0.03,-0.92,-3.3,0.1,Medium
7.0,0,91.49,0.1,0.51,5.18,0.56,Low
5.0,1,99.37,0.21,-0.15,5.72,0.12,Low
9.0,5,60.8,0.97,0.99,-13.62,0.21,High
5.0,1,87.96,0.67,-0.81,-4.84,0.17,Low
4.0,0,70.12,0.78,0.71,-2.65,0.07,Low
2.0,3,61.62,0.78,-0.04,-12.09,0.67,Medium
1.0,2,76.12,0.54,0.65,-7.92,0.46,Medium
2.0,1,97.41,0.8,0.63,-13.45,0.83,Low
6.0,1,60.47,0.6,0.83,14.89,0.1,Low
6.0,4,83.52,0.31,-0.4,7.1,0.14,Low
2.0,1,80.06,0.56,0.9,-12.38,0.31,Low
7.0,2,94.94,0.53,-0.7,-14.39,0.77,Medium
4.0,2,63.36,0.82,-0.84,6.58,0.31,Medium
5.0,1,87.26,0.98,-0.14,-1.82,0.41,Low
8.0,4,87.2,0.41,0.66,8.6,0.3,Low
7.0,1,86.76,0.76,-0.05,12.7,0.08,Low
4.0,0,97.69,0.1,0.66,2.98,0.94,Low
3.0,2,92.92,0.78,0.46,-9.39,0.55,Low
1.0,0,61.68,0.37,-0.58,8.47,0.79,High
4.0,3,78.84,0.04,0.9,13.67,0.66,Low
5.0,0,75.92,0.36,-0.88,2.41,0.51,Low
3.0,5,72.41,0.61,0.8,5.46,0.09,Low
5.0,3,78.05,0.12,-0.39,-4.88,0.64,Low
5.0,1,75.37,0.92,0.0,-3.55,0.16,Low
5.0,2,77.29,0.08,-0.16,7.04,0.41,Low
4.0,2,99.17,0.93,-0.66,12.83,0.63,Low
5.0,2,63.55,0.71,-0.28,3.87,0.78,Low
6.0,1,96.89,0.33,-0.61,8.7,0.69,Low
3.0,4,79.21,0.39,-0.59,-9.85,0.67,Medium
8.0,1,84.95,0.74,-0.63,-8.64,0.15,Medium
5.0,4,93.21,0.6,-0.02,0.96,0.35,Low
5.0,0,74.42,0.67,0.6,-9.7,0.04,Low
6.0,2,77.22,0.39,0.14,4.05,0.72,Low
5.0,2,76.38,0.49,0.79,-6.25,0.95,Low
7.0,1,74.99,0.99,0.27,8.75,0.26,Low
6.0,4,97.02,0.21,0.38,9.24,0.09,Low
4.0,2,93.16,0.42,0.34,-1.09,0.48,Low
6.0,4,64.36,0.29,-0.1,-9.58,0.86,Medium
3.0,2,64.32,0.77,0.38,4.4,0.55,Low
5.0,3,77.11,0.76,-0.86,14.78,0.05,Low
5.0,3,63.95,0.29,0.72,3.68,0.97,Low
5.0,1,84.76,0.08,0.56,-13.93,0.83,Low
5.0,0,65.75,0.01,-0.51,-14.48,0.13,High
1.0,1,80.89,0.43,0.54,-5.39,0.92,Medium
4.0,2,60.29,0.41,-0.97,-9.13,0.45,High
5.0,2,72.66,0.99,-0.57,9.39,0.37,Low
5.0,4,87.09,0.47,-0.87,10.34,0.46,Low
3.0,1,79.36,0.26,0.56,-7.24,0.83,Low
8.0,3,99.13,0.89,0.51,-5.23,0.66,Low
3.0,4,94.96,0.49,0.63,-7.91,0.06,Low
7.0,4,74.36,0.6,-0.99,12.25,0.96,Low
6.0,1,61.82,0.1,0.0,0.08,0.15,Low
4.0,2,93.83,0.38,0.41,4.68,0.75,Low
9.0,3,96.45,0.94,-0.69,-2.54,0.64,Low
3.0,0,92.83,0.59,0.3,3.93,0.19,Low
7.0,1,65.12,0.34,-0.83,-3.42,0.17,Medium
7.0,2,99.92,0.63,-0.64,-4.81,0.87,Low
4.0,3,70.34,0.91,-0.05,4.03,0.42,Low
8.0,2,88.97,0.27,0.31,2.73,0.65,Low
4.0,1,96.32,0.51,-0.71,-6.19,0.5,Medium
6.0,1,69.43,0.96,-0.63,-10.52,0.73,High
6.0,0,96.33,0.17,-0.59,-3.94,0.48,Low
5.0,2,72.38,0.72,-0.52,-2.54,0.29,Low
7.0,2,99.06,0.61,-0.55,3.86,0.36,Low
7.0,1,71.25,0.68,-0.21,12.44,0.86,Low
2.0,2,98.14,0.35,0.31,-13.91,0.47,Low
8.0,3,62.14,0.31,-0.12,-7.69,0.21,Medium
2.0,2,88.37,0.68,0.55,-9.19,0.93,Low
7.0,2,81.28,0.22,0.44,0.07,0.8,Low
7.0,3,79.12,0.42,-0.75,-2.11,0.06,Low
3.0,2,68.94,0.19,-0.9,6.87,1.0,Medium
4.0,2,88.22,0.01,0.76,-7.73,0.69,Low
3.0,1,67.63,0.97,-0.84,2.83,0.16,Medium
5.0,4,82.11,0.43,-0.7,11.52,0.24,Low
4.0,5,70.13,0.97,-0.96,12.32,0.69,Medium
7.0,1,98.22,0.14,0.26,13.76,0.78,Low
8.0,1,61.15,0.59,0.16,8.2,0.24,Low
8.0,4,67.99,0.2,0.97,12.18,0.26,Low
4.0,2,69.69,0.79,0.77,-7.96,0.31,Medium
5.0,4,76.56,0.78,-0.18,-9.07,0.6,Low
2.0,3,69.31,0.11,-0.26,-14.81,0.17,Medium
3.0,2,79.65,0.91,-0.41,6.21,0.1,Low
7.0,2,94.9,0.19,-0.7,13.12,0.68,Low
8.0,0,88.48,0.61,-0.72,-9.39,0.78,Medium
3.0,2,83.2,0.99,-0.74,4.11,0.5,Low
4.0,0,63.56,0.88,-0.77,7.39,0.36,Medium
5.0,4,87.76,0.96,-0.52,12.83,0.43,Low
6.0,3,66.66,0.34,-0.39,4.41,0.39,Medium
3.0,3,91.45,0.11,0.92,14.11,0.96,Low
6.0,0,70.0,0.19,0.16,-4.66,0.77,Low
4.0,4,76.68,0.5,0.98,-4.5,0.21,Low
5.0,2,74.02,0.79,-0.26,1.29,0.38,Low
6.0,1,94.35,0.15,-0.08,-3.49,0.54,Low
5.0,1,65.06,0.66,-0.35,-14.96,0.61,High
4.0,3,82.63,0.32,-0.63,6.95,0.47,Low
5.0,2,65.68,0.34,-0.71,7.55,0.81,Medium
5.0,1,88.19,0.66,0.89,7.41,0.77,Low
4.0,2,96.2,0.47,0.97,-4.65,0.51,Low
4.0,1,77.38,0.81,-0.91,0.67,0.85,Low
8.0,2,79.52,0.16,-0.7,-4.2,0.75,Low
6.0,3,97.1,0.79,-0.15,-14.52,0.78,Low
4.0,2,80.84,0.06,-0.63,1.87,0.96,Low
6.0,1,79.5,0.19,-0.27,-11.29,0.27,Low
4.0,0,83.13,0.66,-0.74,-12.6,0.27,Medium
7.0,0,87.57,0.85,-0.09,7.66,0.89,Low
6.0,1,64.28,0.25,-0.46,-14.71,0.77,High
5.0,2,92.84,0.33,-0.3,13.77,0.93,Low
6.0,2,77.42,0.54,-0.81,0.46,0.06,Low
2.0,2,62.89,0.21,-0.14,14.49,0.63,Low
3.0,1,91.45,0.81,0.97,-13.26,0.14,Low
3.0,1,75.08,0.77,-0.34,2.51,0.5,Low
5.0,2,64.01,0.15,0.75,-4.52,0.16,Low
8.0,0,85.35,0.46,0.69,10.3,0.13,Low
9.0,1,95.21,0.77,0.9,-4.16,0.01,Low
6.0,3,95.51,0.34,0.58,-7.19,0.63,Low
6.0,0,98.31,0.63,0.32,10.73,0.36,Low
1.0,0,94.71,0.05,0.71,-3.76,0.11,Low
4.0,1,60.09,0.61,-0.85,-14.5,0.32,High
3.0,1,75.21,0.15,-0.07,-3.29,0.17,Low
4.0,0,92.74,0.83,0.98,4.64,0.94,Low
5.0,2,74.65,0.36,0.54,-7.37,0.32,Low
4.0,2,84.06,0.28,0.92,-2.04,0.33,Low
1.0,2,84.25,0.84,0.56,-13.3,0.84,Medium
6.0,0,74.6,0.05,0.75,2.64,0.65,Low
3.0,3,96.18,0.4,0.41,7.69,0.71,Low
5.0,0,80.13,0.37,0.52,-2.6,0.64,Low
9.0,2,78.59,0.28,0.05,-2.39,0.95,Low
3.0,3,99.9,0.91,0.85,-12.35,0.21,Low
0.0,4,79.74,0.75,0.65,-8.94,0.99,Medium
4.0,2,67.14,0.06,0.69,-10.36,0.83,Medium
7.0,2,80.52,0.71,0.35,-0.55,0.59,Low
9.0,1,92.56,0.53,-0.39,0.88,0.66,Low
3.0,4,91.07,0.9,-0.93,13.47,0.65,Low
6.0,3,91.54,0.31,0.87,-12.8,0.06,Low
4.0,3,88.32,0.57,0.17,3.0,0.22,Low
5.0,2,70.17,0.5,-0.4,0.79,0.96,Low
10.0,1,94.48,0.49,-0.7,0.49,0.53,Low
2.0,3,95.74,0.46,0.66,11.19,0.38,Low
6.0,1,67.77,0.21,0.67,-8.83,0.76,Medium
6.0,0,65.22,0.76,0.63,-13.78,0.52,Medium
7.0,3,99.02,0.45,0.29,5.17,0.01,Low
5.0,2,94.73,0.96,-0.27,-4.65,0.74,Low
6.0,3,95.73,0.26,-0.39,-14.47,0.73,Medium
4.0,3,95.46,0.68,-0.98,-7.46,0.17,Medium
6.0,0,81.67,0.94,0.67,-5.72,0.96,Low
4.0,3,85.86,0.66,-0.83,3.51,0.22,Low
6.0,2,81.81,0.87,0.26,-9.82,0.46,Low
4.0,2,62.05,0.83,0.01,-2.61,0.11,Low
6.0,3,89.82,0.36,0.05,-0.53,0.6,Low
5.0,1,80.21,0.6,0.85,-1.22,0.38,Low
7.0,1,85.91,0.16,-0.94,14.22,0.35,Low
5.0,2,80.11,0.54,0.55,-13.63,0.83,Low
1.0,1,79.67,0.23,-0.9,13.53,0.01,Medium
8.0,0,66.87,0.74,-0.92,2.46,0.8,Medium
3.0,2,71.15,0.53,-0.14,8.87,0.57,Low
4.0,4,66.35,0.41,-0.87,-2.09,0.99,Medium
4.0,2,67.83,0.27,0.58,-1.38,0.59,Low
8.0,0,98.92,1.0,0.06,11.38,0.06,Low
1.0,1,66.12,0.07,-0.94,11.88,0.05,High
11.0,5,70.77,0.04,-0.92,-7.84,0.88,High
7.0,4,83.62,0.22,0.23,-9.02,0.84,Low
5.0,4,84.41,0.97,0.61,-0.11,0.35,Low
5.0,4,66.16,0.98,-0.12,12.01,0.62,Low
6.0,3,91.75,0.65,0.11,-5.33,0.49,Low
6.0,2,91.41,0.88,0.6,4.56,0.97,Low
6.0,1,69.49,0.21,0.22,6.24,0.95,Low
6.0,1,71.55,0.97,-0.55,8.36,0.98,Low
5.0,1,97.52,0.14,0.23,1.92,0.87,Low
5.0,0,93.03,0.1,0.26,-2.93,0.91,Low
5.0,1,87.91,0.11,0.47,14.01,0.22,Low
5.0,4,63.29,0.57,0.24,3.34,0.83,Low
7.0,0,76.73,0.78,0.94,6.86,0.71,Low
6.0,1,82.37,0.37,-0.61,-4.65,0.96,Low
0.0,3,67.5,0.98,0.9,5.1,0.57,Medium
6.0,1,77.93,0.43,0.08,-7.27,0.09,Low
5.0,2,84.04,0.15,0.34,-7.65,0.6,Low
5.0,1,73.1,0.47,-0.8,6.44,0.69,Low
4.0,2,91.24,0.68,-0.24,0.64,0.22,Low
7.0,3,93.62,0.83,0.54,5.5,0.39,Low
7.0,1,72.94,0.46,0.41,-6.92,0.6,Low
3.0,5,93.55,0.59,-0.92,2.96,0.37,Medium
6.0,5,64.14,0.27,0.09,-1.68,0.37,Medium
3.0,1,93.51,0.65,-0.82,2.91,0.13,Low
2.0,0,66.11,0.99,0.99,-6.27,0.94,Medium
4.0,1,63.32,0.05,0.79,6.46,0.75,Low
7.0,3,85.67,0.89,-0.96,9.18,0.0,Low
7.0,1,78.88,0.56,0.72,-7.2,0.77,Low
6.0,0,96.32,0.25,0.84,-5.98,0.74,Low
6.0,3,74.53,0.95,-0.29,4.83,0.01,Low
6.0,2,71.49,0.48,0.44,5.87,0.37,Low
4.0,0,80.03,0.33,-0.12,6.12,0.61,Low
6.0,0,78.24,0.18,0.31,5.48,0.45,Low
7.0,1,73.78,0.24,-0.32,-3.22,0.78,Low
7.0,2,87.75,0.83,-0.35,-3.15,0.43,Low
7.0,1,90.38,0.61,-0.15,-7.36,0.15,Low
6.0,0,94.12,0.91,-0.71,-10.29,0.98,Medium
6.0,3,98.91,0.23,0.66,5.78,0.24,Low
7.0,0,70.67,0.12,-0.3,-12.2,0.72,Low
5.0,2,88.64,0.01,-0.2,13.13,0.14,Low
3.0,1,75.77,0.51,0.79,9.8,0.33,Low
5.0,1,87.08,1.0,-0.01,10.73,0.44,Low
4.0,3,79.04,0.69,0.09,12.2,0.19,Low
